{"textures":{"0":"modelengine:entity/fosil_4"},"elements":[{"from":[6.285714,8.0,4.5714283],"to":[28.57143,13.142858,9.714286],"rotation":{"angle":0.0,"axis":"y","origin":[36.285713,8.0,13.142858]},"faces":{"east":{"uv":[2.25,9.0,3.375,10.125],"rotation":0,"texture":"#0","tintindex":0},"south":{"uv":[4.875,0.0,9.75,1.125],"rotation":0,"texture":"#0","tintindex":0},"north":{"uv":[0.0,4.5,4.875,5.625],"rotation":0,"texture":"#0","tintindex":0},"west":{"uv":[3.375,9.0,4.5,10.125],"rotation":0,"texture":"#0","tintindex":0},"up":{"uv":[9.75,2.25,4.875,1.125],"rotation":0,"texture":"#0","tintindex":0},"down":{"uv":[9.75,2.25,4.875,3.375],"rotation":0,"texture":"#0","tintindex":0}}},{"from":[12.285715,16.57143,6.285714],"to":[14.0,24.285715,8.0],"rotation":{"angle":22.5,"axis":"z","origin":[27.714287,8.0,8.0]},"faces":{"east":{"uv":[6.375,10.125,6.75,11.875],"rotation":0,"texture":"#0","tintindex":0},"south":{"uv":[6.75,10.125,7.125,11.875],"rotation":0,"texture":"#0","tintindex":0},"north":{"uv":[6.0,10.125,6.375,11.875],"rotation":0,"texture":"#0","tintindex":0},"west":{"uv":[10.125,7.0,10.5,8.75],"rotation":0,"texture":"#0","tintindex":0},"up":{"uv":[12.75,12.625,12.375,12.25],"rotation":0,"texture":"#0","tintindex":0},"down":{"uv":[9.375,12.5,9.0,12.875],"rotation":0,"texture":"#0","tintindex":0}}},{"from":[15.714286,16.57143,6.285714],"to":[17.428572,24.285715,8.0],"rotation":{"angle":22.5,"axis":"z","origin":[31.142859,8.0,8.0]},"faces":{"east":{"uv":[7.5,10.125,7.875,11.875],"rotation":0,"texture":"#0","tintindex":0},"south":{"uv":[7.875,10.125,8.25,11.875],"rotation":0,"texture":"#0","tintindex":0},"north":{"uv":[7.125,10.125,7.5,11.875],"rotation":0,"texture":"#0","tintindex":0},"west":{"uv":[8.25,10.125,8.625,11.875],"rotation":0,"texture":"#0","tintindex":0},"up":{"uv":[9.75,12.875,9.375,12.5],"rotation":0,"texture":"#0","tintindex":0},"down":{"uv":[12.75,12.625,12.375,13.0],"rotation":0,"texture":"#0","tintindex":0}}},{"from":[19.142857,16.57143,6.285714],"to":[20.857143,24.285715,8.0],"rotation":{"angle":22.5,"axis":"z","origin":[34.57143,8.0,8.0]},"faces":{"east":{"uv":[10.125,8.75,10.5,10.5],"rotation":0,"texture":"#0","tintindex":0},"south":{"uv":[10.5,0.0,10.875,1.75],"rotation":0,"texture":"#0","tintindex":0},"north":{"uv":[8.625,10.125,9.0,11.875],"rotation":0,"texture":"#0","tintindex":0},"west":{"uv":[10.5,1.75,10.875,3.5],"rotation":0,"texture":"#0","tintindex":0},"up":{"uv":[13.125,0.375,12.75,0.0],"rotation":0,"texture":"#0","tintindex":0},"down":{"uv":[13.125,0.375,12.75,0.75],"rotation":0,"texture":"#0","tintindex":0}}},{"from":[22.57143,16.57143,6.285714],"to":[24.285715,24.285715,8.0],"rotation":{"angle":22.5,"axis":"z","origin":[38.0,8.0,8.0]},"faces":{"east":{"uv":[10.5,5.25,10.875,7.0],"rotation":0,"texture":"#0","tintindex":0},"south":{"uv":[10.5,7.0,10.875,8.75],"rotation":0,"texture":"#0","tintindex":0},"north":{"uv":[10.5,3.5,10.875,5.25],"rotation":0,"texture":"#0","tintindex":0},"west":{"uv":[10.5,8.75,10.875,10.5],"rotation":0,"texture":"#0","tintindex":0},"up":{"uv":[13.125,1.125,12.75,0.75],"rotation":0,"texture":"#0","tintindex":0},"down":{"uv":[13.125,1.125,12.75,1.5],"rotation":0,"texture":"#0","tintindex":0}}},{"from":[26.0,16.57143,6.285714],"to":[27.714287,24.285715,8.0],"rotation":{"angle":22.5,"axis":"z","origin":[41.428574,8.0,8.0]},"faces":{"east":{"uv":[10.125,10.5,10.5,12.25],"rotation":0,"texture":"#0","tintindex":0},"south":{"uv":[10.5,10.5,10.875,12.25],"rotation":0,"texture":"#0","tintindex":0},"north":{"uv":[9.75,10.5,10.125,12.25],"rotation":0,"texture":"#0","tintindex":0},"west":{"uv":[9.0,10.75,9.375,12.5],"rotation":0,"texture":"#0","tintindex":0},"up":{"uv":[13.125,1.875,12.75,1.5],"rotation":0,"texture":"#0","tintindex":0},"down":{"uv":[13.125,1.875,12.75,2.25],"rotation":0,"texture":"#0","tintindex":0}}},{"from":[29.428572,16.57143,6.285714],"to":[31.142859,24.285715,8.0],"rotation":{"angle":22.5,"axis":"z","origin":[44.857143,8.0,8.0]},"faces":{"east":{"uv":[10.875,0.0,11.25,1.75],"rotation":0,"texture":"#0","tintindex":0},"south":{"uv":[10.875,1.75,11.25,3.5],"rotation":0,"texture":"#0","tintindex":0},"north":{"uv":[9.375,10.75,9.75,12.5],"rotation":0,"texture":"#0","tintindex":0},"west":{"uv":[10.875,3.5,11.25,5.25],"rotation":0,"texture":"#0","tintindex":0},"up":{"uv":[13.125,2.625,12.75,2.25],"rotation":0,"texture":"#0","tintindex":0},"down":{"uv":[13.125,2.625,12.75,3.0],"rotation":0,"texture":"#0","tintindex":0}}},{"from":[8.857143,16.57143,6.285714],"to":[10.571428,24.285715,8.0],"rotation":{"angle":22.5,"axis":"z","origin":[24.285715,8.0,8.0]},"faces":{"east":{"uv":[10.875,7.0,11.25,8.75],"rotation":0,"texture":"#0","tintindex":0},"south":{"uv":[10.875,8.75,11.25,10.5],"rotation":0,"texture":"#0","tintindex":0},"north":{"uv":[10.875,5.25,11.25,7.0],"rotation":0,"texture":"#0","tintindex":0},"west":{"uv":[10.875,10.5,11.25,12.25],"rotation":0,"texture":"#0","tintindex":0},"up":{"uv":[13.125,3.375,12.75,3.0],"rotation":0,"texture":"#0","tintindex":0},"down":{"uv":[13.125,3.375,12.75,3.75],"rotation":0,"texture":"#0","tintindex":0}}}],"display":{"head":{"translation":[0.0,-6.4,0.0],"scale":[4.0,4.0,4.0]}}}