{"textures":{"0":"modelengine:entity/fosil_4"},"elements":[{"from":[-14.285715,8.0,4.5714283],"to":[8.0,13.142858,9.714286],"rotation":{"angle":0.0,"axis":"y","origin":[15.714286,8.0,13.142858]},"faces":{"east":{"uv":[6.75,9.0,7.875,10.125],"rotation":0,"texture":"#0","tintindex":0},"south":{"uv":[4.875,6.75,9.75,7.875],"rotation":0,"texture":"#0","tintindex":0},"north":{"uv":[0.0,6.75,4.875,7.875],"rotation":0,"texture":"#0","tintindex":0},"west":{"uv":[7.875,9.0,9.0,10.125],"rotation":0,"texture":"#0","tintindex":0},"up":{"uv":[4.875,9.0,0.0,7.875],"rotation":0,"texture":"#0","tintindex":0},"down":{"uv":[9.75,7.875,4.875,9.0],"rotation":0,"texture":"#0","tintindex":0}}},{"from":[-8.285715,16.57143,6.285714],"to":[-6.5714293,24.285715,8.0],"rotation":{"angle":22.5,"axis":"z","origin":[7.142857,8.0,8.0]},"faces":{"east":{"uv":[5.625,11.875,6.0,13.625],"rotation":0,"texture":"#0","tintindex":0},"south":{"uv":[6.0,11.875,6.375,13.625],"rotation":0,"texture":"#0","tintindex":0},"north":{"uv":[5.25,11.875,5.625,13.625],"rotation":0,"texture":"#0","tintindex":0},"west":{"uv":[6.375,11.875,6.75,13.625],"rotation":0,"texture":"#0","tintindex":0},"up":{"uv":[13.125,9.375,12.75,9.0],"rotation":0,"texture":"#0","tintindex":0},"down":{"uv":[13.125,9.375,12.75,9.75],"rotation":0,"texture":"#0","tintindex":0}}},{"from":[-4.8571434,16.57143,6.285714],"to":[-3.1428576,24.285715,8.0],"rotation":{"angle":22.5,"axis":"z","origin":[10.571428,8.0,8.0]},"faces":{"east":{"uv":[7.125,11.875,7.5,13.625],"rotation":0,"texture":"#0","tintindex":0},"south":{"uv":[7.5,11.875,7.875,13.625],"rotation":0,"texture":"#0","tintindex":0},"north":{"uv":[6.75,11.875,7.125,13.625],"rotation":0,"texture":"#0","tintindex":0},"west":{"uv":[7.875,11.875,8.25,13.625],"rotation":0,"texture":"#0","tintindex":0},"up":{"uv":[13.125,10.125,12.75,9.75],"rotation":0,"texture":"#0","tintindex":0},"down":{"uv":[13.125,10.125,12.75,10.5],"rotation":0,"texture":"#0","tintindex":0}}},{"from":[-1.4285717,16.57143,6.285714],"to":[0.28571415,24.285715,8.0],"rotation":{"angle":22.5,"axis":"z","origin":[14.0,8.0,8.0]},"faces":{"east":{"uv":[8.625,11.875,9.0,13.625],"rotation":0,"texture":"#0","tintindex":0},"south":{"uv":[12.0,0.0,12.375,1.75],"rotation":0,"texture":"#0","tintindex":0},"north":{"uv":[8.25,11.875,8.625,13.625],"rotation":0,"texture":"#0","tintindex":0},"west":{"uv":[12.0,1.75,12.375,3.5],"rotation":0,"texture":"#0","tintindex":0},"up":{"uv":[13.125,10.875,12.75,10.5],"rotation":0,"texture":"#0","tintindex":0},"down":{"uv":[13.125,10.875,12.75,11.25],"rotation":0,"texture":"#0","tintindex":0}}},{"from":[1.9999995,16.57143,6.285714],"to":[3.7142854,24.285715,8.0],"rotation":{"angle":22.5,"axis":"z","origin":[17.428572,8.0,8.0]},"faces":{"east":{"uv":[12.0,5.25,12.375,7.0],"rotation":0,"texture":"#0","tintindex":0},"south":{"uv":[12.0,7.0,12.375,8.75],"rotation":0,"texture":"#0","tintindex":0},"north":{"uv":[12.0,3.5,12.375,5.25],"rotation":0,"texture":"#0","tintindex":0},"west":{"uv":[12.0,8.75,12.375,10.5],"rotation":0,"texture":"#0","tintindex":0},"up":{"uv":[13.125,11.625,12.75,11.25],"rotation":0,"texture":"#0","tintindex":0},"down":{"uv":[13.125,11.625,12.75,12.0],"rotation":0,"texture":"#0","tintindex":0}}},{"from":[5.428571,16.57143,6.285714],"to":[7.142857,24.285715,8.0],"rotation":{"angle":22.5,"axis":"z","origin":[20.857143,8.0,8.0]},"faces":{"east":{"uv":[9.75,12.25,10.125,14.0],"rotation":0,"texture":"#0","tintindex":0},"south":{"uv":[10.125,12.25,10.5,14.0],"rotation":0,"texture":"#0","tintindex":0},"north":{"uv":[12.0,10.5,12.375,12.25],"rotation":0,"texture":"#0","tintindex":0},"west":{"uv":[10.5,12.25,10.875,14.0],"rotation":0,"texture":"#0","tintindex":0},"up":{"uv":[13.125,12.375,12.75,12.0],"rotation":0,"texture":"#0","tintindex":0},"down":{"uv":[13.125,12.375,12.75,12.75],"rotation":0,"texture":"#0","tintindex":0}}},{"from":[8.857143,16.57143,6.285714],"to":[10.571428,24.285715,8.0],"rotation":{"angle":22.5,"axis":"z","origin":[24.285715,8.0,8.0]},"faces":{"east":{"uv":[11.25,12.25,11.625,14.0],"rotation":0,"texture":"#0","tintindex":0},"south":{"uv":[11.625,12.25,12.0,14.0],"rotation":0,"texture":"#0","tintindex":0},"north":{"uv":[10.875,12.25,11.25,14.0],"rotation":0,"texture":"#0","tintindex":0},"west":{"uv":[12.0,12.25,12.375,14.0],"rotation":0,"texture":"#0","tintindex":0},"up":{"uv":[13.125,13.125,12.75,12.75],"rotation":0,"texture":"#0","tintindex":0},"down":{"uv":[9.375,12.875,9.0,13.25],"rotation":0,"texture":"#0","tintindex":0}}},{"from":[-10.857143,16.57143,6.285714],"to":[-9.1428585,24.285715,8.0],"rotation":{"angle":22.5,"axis":"z","origin":[3.7142854,8.0,8.0]},"faces":{"east":{"uv":[12.375,1.75,12.75,3.5],"rotation":0,"texture":"#0","tintindex":0},"south":{"uv":[12.375,3.5,12.75,5.25],"rotation":0,"texture":"#0","tintindex":0},"north":{"uv":[12.375,0.0,12.75,1.75],"rotation":0,"texture":"#0","tintindex":0},"west":{"uv":[12.375,5.25,12.75,7.0],"rotation":0,"texture":"#0","tintindex":0},"up":{"uv":[9.75,13.25,9.375,12.875],"rotation":0,"texture":"#0","tintindex":0},"down":{"uv":[12.75,13.0,12.375,13.375],"rotation":0,"texture":"#0","tintindex":0}}}],"display":{"head":{"translation":[0.0,-6.4,0.0],"scale":[4.0,4.0,4.0]}}}