{"textures":{"0":"modelengine:entity/void_caller"},"elements":[{"from":[-15.780804,4.0084696,7.386757],"to":[3.3822384,8.62607,10.388197],"rotation":{"angle":22.5,"axis":"y","origin":[-17.797873,13.840649,5.4551525]},"faces":{"east":{"uv":[5.5,2.375,5.65625,2.625],"rotation":0,"texture":"#0","tintindex":0},"south":{"uv":[6.84375,2.375,7.875,2.625],"rotation":0,"texture":"#0","tintindex":0},"north":{"uv":[5.65625,2.375,6.6875,2.625],"rotation":0,"texture":"#0","tintindex":0},"west":{"uv":[6.6875,2.375,6.84375,2.625],"rotation":0,"texture":"#0","tintindex":0},"up":{"uv":[6.6875,2.375,5.65625,2.21875],"rotation":0,"texture":"#0","tintindex":0},"down":{"uv":[7.71875,2.21875,6.6875,2.375],"rotation":0,"texture":"#0","tintindex":0}}},{"from":[3.3708801,3.7936354,-1.1652489],"to":[32.0,7.949476,1.6053109],"rotation":{"angle":-45.0,"axis":"y","origin":[2.2886887,13.148008,-3.3182878]},"faces":{"east":{"uv":[3.09375,3.28125,3.21875,3.5],"rotation":0,"texture":"#0","tintindex":0},"south":{"uv":[4.90625,3.28125,6.46875,3.5],"rotation":0,"texture":"#0","tintindex":0},"north":{"uv":[3.21875,3.28125,4.78125,3.5],"rotation":0,"texture":"#0","tintindex":0},"west":{"uv":[4.78125,3.28125,4.90625,3.5],"rotation":0,"texture":"#0","tintindex":0},"up":{"uv":[4.78125,3.28125,3.21875,3.15625],"rotation":0,"texture":"#0","tintindex":0},"down":{"uv":[6.34375,3.15625,4.78125,3.28125],"rotation":0,"texture":"#0","tintindex":0}}},{"from":[18.476105,4.4925156,18.147198],"to":[21.246664,7.9557157,32.0],"rotation":{"angle":0.0,"axis":"y","origin":[11.293009,7.6068883,21.847633]},"faces":{"east":{"uv":[6.375,6.375,7.125,6.5625],"rotation":0,"texture":"#0","tintindex":0},"south":{"uv":[8.0,6.375,8.125,6.5625],"rotation":0,"texture":"#0","tintindex":0},"north":{"uv":[7.125,6.375,7.25,6.5625],"rotation":0,"texture":"#0","tintindex":0},"west":{"uv":[7.25,6.375,8.0,6.5625],"rotation":0,"texture":"#0","tintindex":0},"up":{"uv":[7.25,6.375,7.125,5.625],"rotation":0,"texture":"#0","tintindex":0},"down":{"uv":[7.375,5.625,7.25,6.375],"rotation":0,"texture":"#0","tintindex":0}}}],"display":{"head":{"translation":[62.69258,-6.4,6.94355],"scale":[4.0,4.0,4.0]}}}