{"textures":{"0":"modelengine:entity/void_caller"},"elements":[{"from":[6.7429285,0.88071966,7.5198483],"to":[20.157057,4.11304,9.620856],"rotation":{"angle":-22.5,"axis":"y","origin":[18.540897,1.8504162,5.257224]},"faces":{"east":{"uv":[4.75,6.125,4.90625,6.375],"rotation":0,"texture":"#0","tintindex":0},"south":{"uv":[6.09375,6.125,7.125,6.375],"rotation":0,"texture":"#0","tintindex":0},"north":{"uv":[4.90625,6.125,5.9375,6.375],"rotation":0,"texture":"#0","tintindex":0},"west":{"uv":[5.9375,6.125,6.09375,6.375],"rotation":0,"texture":"#0","tintindex":0},"up":{"uv":[5.9375,6.125,4.90625,5.96875],"rotation":0,"texture":"#0","tintindex":0},"down":{"uv":[6.96875,5.96875,5.9375,6.125],"rotation":0,"texture":"#0","tintindex":0}}},{"from":[-16.0,0.7303357,3.456984],"to":[4.0403852,3.6394238,5.396376],"rotation":{"angle":45.0,"axis":"y","origin":[4.4803057,1.3655677,-0.8841839]},"faces":{"east":{"uv":[5.5,1.65625,5.625,1.875],"rotation":0,"texture":"#0","tintindex":0},"south":{"uv":[7.3125,1.65625,8.875,1.875],"rotation":0,"texture":"#0","tintindex":0},"north":{"uv":[5.625,1.65625,7.1875,1.875],"rotation":0,"texture":"#0","tintindex":0},"west":{"uv":[7.1875,1.65625,7.3125,1.875],"rotation":0,"texture":"#0","tintindex":0},"up":{"uv":[7.1875,1.65625,5.625,1.53125],"rotation":0,"texture":"#0","tintindex":0},"down":{"uv":[8.75,1.53125,7.1875,1.65625],"rotation":0,"texture":"#0","tintindex":0}}},{"from":[-6.653103,0.59555197,16.141657],"to":[-4.713711,3.019792,25.838617],"rotation":{"angle":0.0,"axis":"y","origin":[-1.8227196,-2.513216,16.73196]},"faces":{"east":{"uv":[6.875,7.5,7.625,7.6875],"rotation":0,"texture":"#0","tintindex":0},"south":{"uv":[8.5,7.5,8.625,7.6875],"rotation":0,"texture":"#0","tintindex":0},"north":{"uv":[7.625,7.5,7.75,7.6875],"rotation":0,"texture":"#0","tintindex":0},"west":{"uv":[7.75,7.5,8.5,7.6875],"rotation":0,"texture":"#0","tintindex":0},"up":{"uv":[7.75,7.5,7.625,6.75],"rotation":0,"texture":"#0","tintindex":0},"down":{"uv":[7.875,6.75,7.75,7.5],"rotation":0,"texture":"#0","tintindex":0}}}],"display":{"head":{"translation":[-43.08008,-6.4,0.0],"scale":[4.0,4.0,4.0]}}}