{"textures":{"0":"modelengine:entity/void_caller"},"elements":[{"from":[1.7547197,16.317692,-15.897488],"to":[16.9928,21.627934,-11.510767],"rotation":{"angle":0.0,"axis":"y","origin":[2.2164793,18.626492,-9.663727]},"faces":{"east":{"uv":[7.375,5.71875,7.59375,6.0],"rotation":0,"texture":"#0","tintindex":0},"south":{"uv":[8.625,5.71875,9.4375,6.0],"rotation":0,"texture":"#0","tintindex":0},"north":{"uv":[7.59375,5.71875,8.40625,6.0],"rotation":0,"texture":"#0","tintindex":0},"west":{"uv":[8.40625,5.71875,8.625,6.0],"rotation":0,"texture":"#0","tintindex":0},"up":{"uv":[8.40625,5.71875,7.59375,5.5],"rotation":0,"texture":"#0","tintindex":0},"down":{"uv":[9.21875,5.5,8.40625,5.71875],"rotation":0,"texture":"#0","tintindex":0}}},{"from":[14.522566,17.010332,1.0961514],"to":[25.143047,21.166172,5.021112],"rotation":{"angle":45.0,"axis":"y","origin":[20.91776,16.548573,-0.19764519]},"faces":{"east":{"uv":[7.875,7.15625,8.0625,7.375],"rotation":0,"texture":"#0","tintindex":0},"south":{"uv":[8.8125,7.15625,9.375,7.375],"rotation":0,"texture":"#0","tintindex":0},"north":{"uv":[8.0625,7.15625,8.625,7.375],"rotation":0,"texture":"#0","tintindex":0},"west":{"uv":[8.625,7.15625,8.8125,7.375],"rotation":0,"texture":"#0","tintindex":0},"up":{"uv":[8.625,7.15625,8.0625,6.96875],"rotation":0,"texture":"#0","tintindex":0},"down":{"uv":[9.1875,6.96875,8.625,7.15625],"rotation":0,"texture":"#0","tintindex":0}}},{"from":[15.60752,16.548573,-16.0],"to":[32.0,21.166172,-11.3824005],"rotation":{"angle":-45.0,"axis":"y","origin":[15.8384,16.548573,-12.434286]},"faces":{"east":{"uv":[2.125,6.625,2.375,6.875],"rotation":0,"texture":"#0","tintindex":0},"south":{"uv":[3.5,6.625,4.375,6.875],"rotation":0,"texture":"#0","tintindex":0},"north":{"uv":[2.375,6.625,3.25,6.875],"rotation":0,"texture":"#0","tintindex":0},"west":{"uv":[3.25,6.625,3.5,6.875],"rotation":0,"texture":"#0","tintindex":0},"up":{"uv":[3.25,6.625,2.375,6.375],"rotation":0,"texture":"#0","tintindex":0},"down":{"uv":[4.125,6.375,3.25,6.625],"rotation":0,"texture":"#0","tintindex":0}}},{"from":[9.362066,17.010332,4.23048],"to":[19.751667,21.166172,8.15544],"rotation":{"angle":0.0,"axis":"y","origin":[16.06928,16.548573,10.884594]},"faces":{"east":{"uv":[7.875,6.75,8.0625,6.96875],"rotation":0,"texture":"#0","tintindex":0},"south":{"uv":[8.8125,6.75,9.375,6.96875],"rotation":0,"texture":"#0","tintindex":0},"north":{"uv":[8.0625,6.75,8.625,6.96875],"rotation":0,"texture":"#0","tintindex":0},"west":{"uv":[8.625,6.75,8.8125,6.96875],"rotation":0,"texture":"#0","tintindex":0},"up":{"uv":[8.625,6.75,8.0625,6.5625],"rotation":0,"texture":"#0","tintindex":0},"down":{"uv":[9.1875,6.5625,8.625,6.75],"rotation":0,"texture":"#0","tintindex":0}}},{"from":[-0.82943535,17.010332,3.2667122],"to":[8.174885,21.166172,7.191672],"rotation":{"angle":-22.5,"axis":"y","origin":[6.8340797,16.548573,12.269875]},"faces":{"east":{"uv":[6.6875,8.40625,6.875,8.625],"rotation":0,"texture":"#0","tintindex":0},"south":{"uv":[7.53125,8.40625,8.0,8.625],"rotation":0,"texture":"#0","tintindex":0},"north":{"uv":[6.875,8.40625,7.34375,8.625],"rotation":0,"texture":"#0","tintindex":0},"west":{"uv":[7.34375,8.40625,7.53125,8.625],"rotation":0,"texture":"#0","tintindex":0},"up":{"uv":[7.34375,8.40625,6.875,8.21875],"rotation":0,"texture":"#0","tintindex":0},"down":{"uv":[7.8125,8.21875,7.34375,8.40625],"rotation":0,"texture":"#0","tintindex":0}}}],"display":{"head":{"translation":[4.663681,-6.4,-17.079498],"scale":[4.0,4.0,4.0]}}}