{"textures":{"0":"modelengine:entity/void_caller"},"elements":[{"from":[5.4079094,2.2032585,6.1811266],"to":[18.822037,5.4355783,8.282134],"rotation":{"angle":-22.5,"axis":"y","origin":[14.371742,8.250416,7.257224]},"faces":{"east":{"uv":[0.0,6.3125,0.15625,6.5625],"rotation":0,"texture":"#0","tintindex":0},"south":{"uv":[1.34375,6.3125,2.375,6.5625],"rotation":0,"texture":"#0","tintindex":0},"north":{"uv":[0.15625,6.3125,1.1875,6.5625],"rotation":0,"texture":"#0","tintindex":0},"west":{"uv":[1.1875,6.3125,1.34375,6.5625],"rotation":0,"texture":"#0","tintindex":0},"up":{"uv":[1.1875,6.3125,0.15625,6.15625],"rotation":0,"texture":"#0","tintindex":0},"down":{"uv":[2.21875,6.15625,1.1875,6.3125],"rotation":0,"texture":"#0","tintindex":0}}},{"from":[-16.0,2.0528746,6.1737103],"to":[4.0403833,4.9619627,8.113102],"rotation":{"angle":45.0,"axis":"y","origin":[0.31115055,7.765568,1.1158166]},"faces":{"east":{"uv":[5.5,2.0,5.625,2.21875],"rotation":0,"texture":"#0","tintindex":0},"south":{"uv":[7.3125,2.0,8.875,2.21875],"rotation":0,"texture":"#0","tintindex":0},"north":{"uv":[5.625,2.0,7.1875,2.21875],"rotation":0,"texture":"#0","tintindex":0},"west":{"uv":[7.1875,2.0,7.3125,2.21875],"rotation":0,"texture":"#0","tintindex":0},"up":{"uv":[7.1875,2.0,5.625,1.875],"rotation":0,"texture":"#0","tintindex":0},"down":{"uv":[8.75,1.875,7.1875,2.0],"rotation":0,"texture":"#0","tintindex":0}}},{"from":[-7.550186,2.5420904,16.141657],"to":[-5.610794,4.9663305,25.838617],"rotation":{"angle":0.0,"axis":"y","origin":[-5.9918747,3.886784,18.73196]},"faces":{"east":{"uv":[4.25,7.8125,5.0,8.0],"rotation":0,"texture":"#0","tintindex":0},"south":{"uv":[5.875,7.8125,6.0,8.0],"rotation":0,"texture":"#0","tintindex":0},"north":{"uv":[5.0,7.8125,5.125,8.0],"rotation":0,"texture":"#0","tintindex":0},"west":{"uv":[5.125,7.8125,5.875,8.0],"rotation":0,"texture":"#0","tintindex":0},"up":{"uv":[5.125,7.8125,5.0,7.0625],"rotation":0,"texture":"#0","tintindex":0},"down":{"uv":[5.25,7.0625,5.125,7.8125],"rotation":0,"texture":"#0","tintindex":0}}}],"display":{"head":{"translation":[-26.403458,-6.4,0.0],"scale":[4.0,4.0,4.0]}}}