{"textures":{"0":"modelengine:entity/void_caller"},"elements":[{"from":[1.7547193,18.285778,4.9754972],"to":[16.9928,23.59602,9.362217],"rotation":{"angle":0.0,"axis":"y","origin":[2.2164793,20.594578,11.209257]},"faces":{"east":{"uv":[7.21875,4.71875,7.4375,5.0],"rotation":0,"texture":"#0","tintindex":0},"south":{"uv":[8.46875,4.71875,9.28125,5.0],"rotation":0,"texture":"#0","tintindex":0},"north":{"uv":[7.4375,4.71875,8.25,5.0],"rotation":0,"texture":"#0","tintindex":0},"west":{"uv":[8.25,4.71875,8.46875,5.0],"rotation":0,"texture":"#0","tintindex":0},"up":{"uv":[8.25,4.71875,7.4375,4.5],"rotation":0,"texture":"#0","tintindex":0},"down":{"uv":[9.0625,4.5,8.25,4.71875],"rotation":0,"texture":"#0","tintindex":0}}},{"from":[14.522566,18.978418,21.969135],"to":[25.143045,23.134258,25.894096],"rotation":{"angle":45.0,"axis":"y","origin":[20.91776,18.516659,20.675339]},"faces":{"east":{"uv":[7.46875,0.96875,7.65625,1.1875],"rotation":0,"texture":"#0","tintindex":0},"south":{"uv":[8.40625,0.96875,8.96875,1.1875],"rotation":0,"texture":"#0","tintindex":0},"north":{"uv":[7.65625,0.96875,8.21875,1.1875],"rotation":0,"texture":"#0","tintindex":0},"west":{"uv":[8.21875,0.96875,8.40625,1.1875],"rotation":0,"texture":"#0","tintindex":0},"up":{"uv":[8.21875,0.96875,7.65625,0.78125],"rotation":0,"texture":"#0","tintindex":0},"down":{"uv":[8.78125,0.78125,8.21875,0.96875],"rotation":0,"texture":"#0","tintindex":0}}},{"from":[15.60752,18.516659,4.872983],"to":[32.0,23.134258,9.490583],"rotation":{"angle":-45.0,"axis":"y","origin":[15.8384,18.516659,8.438697]},"faces":{"east":{"uv":[6.1875,3.75,6.4375,4.0],"rotation":0,"texture":"#0","tintindex":0},"south":{"uv":[7.5625,3.75,8.4375,4.0],"rotation":0,"texture":"#0","tintindex":0},"north":{"uv":[6.4375,3.75,7.3125,4.0],"rotation":0,"texture":"#0","tintindex":0},"west":{"uv":[7.3125,3.75,7.5625,4.0],"rotation":0,"texture":"#0","tintindex":0},"up":{"uv":[7.3125,3.75,6.4375,3.5],"rotation":0,"texture":"#0","tintindex":0},"down":{"uv":[8.1875,3.5,7.3125,3.75],"rotation":0,"texture":"#0","tintindex":0}}},{"from":[9.362066,18.978418,25.103464],"to":[19.751667,23.134258,29.028423],"rotation":{"angle":0.0,"axis":"y","origin":[16.06928,18.516659,31.757578]},"faces":{"east":{"uv":[0.6875,7.3125,0.875,7.53125],"rotation":0,"texture":"#0","tintindex":0},"south":{"uv":[1.625,7.3125,2.1875,7.53125],"rotation":0,"texture":"#0","tintindex":0},"north":{"uv":[0.875,7.3125,1.4375,7.53125],"rotation":0,"texture":"#0","tintindex":0},"west":{"uv":[1.4375,7.3125,1.625,7.53125],"rotation":0,"texture":"#0","tintindex":0},"up":{"uv":[1.4375,7.3125,0.875,7.125],"rotation":0,"texture":"#0","tintindex":0},"down":{"uv":[2.0,7.125,1.4375,7.3125],"rotation":0,"texture":"#0","tintindex":0}}},{"from":[-0.82943535,18.978418,24.139694],"to":[8.174885,23.134258,28.064655],"rotation":{"angle":-22.5,"axis":"y","origin":[6.8340793,18.516659,33.14286]},"faces":{"east":{"uv":[0.0,0.9375,0.1875,1.15625],"rotation":0,"texture":"#0","tintindex":0},"south":{"uv":[0.84375,0.9375,1.3125,1.15625],"rotation":0,"texture":"#0","tintindex":0},"north":{"uv":[0.1875,0.9375,0.65625,1.15625],"rotation":0,"texture":"#0","tintindex":0},"west":{"uv":[0.65625,0.9375,0.84375,1.15625],"rotation":0,"texture":"#0","tintindex":0},"up":{"uv":[0.65625,0.9375,0.1875,0.75],"rotation":0,"texture":"#0","tintindex":0},"down":{"uv":[1.125,0.75,0.65625,0.9375],"rotation":0,"texture":"#0","tintindex":0}}}],"display":{"head":{"translation":[23.669205,-6.4,0.0],"scale":[4.0,4.0,4.0]}}}