{"textures":{"0":"modelengine:entity/void_caller"},"elements":[{"from":[-0.8563204,8.738378,-15.897488],"to":[14.381761,14.048617,-11.510765],"rotation":{"angle":0.0,"axis":"y","origin":[13.92,11.047177,-9.663727]},"faces":{"east":{"uv":[6.0,7.90625,6.21875,8.1875],"rotation":0,"texture":"#0","tintindex":0},"south":{"uv":[7.25,7.90625,8.0625,8.1875],"rotation":0,"texture":"#0","tintindex":0},"north":{"uv":[6.21875,7.90625,7.03125,8.1875],"rotation":0,"texture":"#0","tintindex":0},"west":{"uv":[7.03125,7.90625,7.25,8.1875],"rotation":0,"texture":"#0","tintindex":0},"up":{"uv":[7.03125,7.90625,6.21875,7.6875],"rotation":0,"texture":"#0","tintindex":0},"down":{"uv":[7.84375,7.6875,7.03125,7.90625],"rotation":0,"texture":"#0","tintindex":0}}},{"from":[-9.006567,9.431017,1.0961533],"to":[1.6139135,13.586858,5.0211134],"rotation":{"angle":-45.0,"axis":"y","origin":[-4.7812815,8.969257,-0.19764519]},"faces":{"east":{"uv":[2.1875,8.40625,2.375,8.625],"rotation":0,"texture":"#0","tintindex":0},"south":{"uv":[3.125,8.40625,3.6875,8.625],"rotation":0,"texture":"#0","tintindex":0},"north":{"uv":[2.375,8.40625,2.9375,8.625],"rotation":0,"texture":"#0","tintindex":0},"west":{"uv":[2.9375,8.40625,3.125,8.625],"rotation":0,"texture":"#0","tintindex":0},"up":{"uv":[2.9375,8.40625,2.375,8.21875],"rotation":0,"texture":"#0","tintindex":0},"down":{"uv":[3.5,8.21875,2.9375,8.40625],"rotation":0,"texture":"#0","tintindex":0}}},{"from":[-15.863522,8.969257,-16.0],"to":[0.52895975,13.586858,-11.3824005],"rotation":{"angle":45.0,"axis":"y","origin":[0.2980795,8.969257,-12.434288]},"faces":{"east":{"uv":[0.0,6.875,0.25,7.125],"rotation":0,"texture":"#0","tintindex":0},"south":{"uv":[1.375,6.875,2.25,7.125],"rotation":0,"texture":"#0","tintindex":0},"north":{"uv":[0.25,6.875,1.125,7.125],"rotation":0,"texture":"#0","tintindex":0},"west":{"uv":[1.125,6.875,1.375,7.125],"rotation":0,"texture":"#0","tintindex":0},"up":{"uv":[1.125,6.875,0.25,6.625],"rotation":0,"texture":"#0","tintindex":0},"down":{"uv":[2.0,6.625,1.125,6.875],"rotation":0,"texture":"#0","tintindex":0}}},{"from":[-3.6151867,9.431017,4.230481],"to":[6.7744136,13.586858,8.155442],"rotation":{"angle":0.0,"axis":"y","origin":[0.06719971,8.969257,10.884596]},"faces":{"east":{"uv":[0.6875,8.40625,0.875,8.625],"rotation":0,"texture":"#0","tintindex":0},"south":{"uv":[1.625,8.40625,2.1875,8.625],"rotation":0,"texture":"#0","tintindex":0},"north":{"uv":[0.875,8.40625,1.4375,8.625],"rotation":0,"texture":"#0","tintindex":0},"west":{"uv":[1.4375,8.40625,1.625,8.625],"rotation":0,"texture":"#0","tintindex":0},"up":{"uv":[1.4375,8.40625,0.875,8.21875],"rotation":0,"texture":"#0","tintindex":0},"down":{"uv":[2.0,8.21875,1.4375,8.40625],"rotation":0,"texture":"#0","tintindex":0}}},{"from":[7.961595,9.431017,3.2667122],"to":[16.965916,13.586858,7.1916723],"rotation":{"angle":22.5,"axis":"y","origin":[9.302401,8.969257,12.2698765]},"faces":{"east":{"uv":[8.0,8.59375,8.1875,8.8125],"rotation":0,"texture":"#0","tintindex":0},"south":{"uv":[8.84375,8.59375,9.3125,8.8125],"rotation":0,"texture":"#0","tintindex":0},"north":{"uv":[8.1875,8.59375,8.65625,8.8125],"rotation":0,"texture":"#0","tintindex":0},"west":{"uv":[8.65625,8.59375,8.84375,8.8125],"rotation":0,"texture":"#0","tintindex":0},"up":{"uv":[8.65625,8.59375,8.1875,8.40625],"rotation":0,"texture":"#0","tintindex":0},"down":{"uv":[9.125,8.40625,8.65625,8.59375],"rotation":0,"texture":"#0","tintindex":0}}}],"display":{"head":{"translation":[0.0,-6.4,-47.555664],"scale":[4.0,4.0,4.0]}}}