{"textures":{"0":"modelengine:entity/void_caller"},"elements":[{"from":[-11.878767,13.102992,4.282016],"to":[7.676768,16.335312,7.837568],"rotation":{"angle":-22.5,"axis":"z","origin":[8.0,12.941376,7.514336]},"faces":{"east":{"uv":[4.09375,0.25,4.34375,0.5],"rotation":0,"texture":"#0","tintindex":0},"south":{"uv":[6.09375,0.25,7.59375,0.5],"rotation":0,"texture":"#0","tintindex":0},"north":{"uv":[4.34375,0.25,5.84375,0.5],"rotation":0,"texture":"#0","tintindex":0},"west":{"uv":[5.84375,0.25,6.09375,0.5],"rotation":0,"texture":"#0","tintindex":0},"up":{"uv":[5.84375,0.25,4.34375,0.0],"rotation":0,"texture":"#0","tintindex":0},"down":{"uv":[7.34375,0.0,5.84375,0.25],"rotation":0,"texture":"#0","tintindex":0}}},{"from":[6.1,-0.5600004,5.7200003],"to":[9.46,5.12,7.4],"rotation":{"angle":0.0,"axis":"y","origin":[8.0,-1.0800009,3.1999998]},"faces":{"east":{"uv":[0.0,4.75,0.125,5.1875],"rotation":0,"texture":"#0","tintindex":0},"south":{"uv":[0.5,4.75,0.75,5.1875],"rotation":0,"texture":"#0","tintindex":0},"north":{"uv":[0.125,4.75,0.375,5.1875],"rotation":0,"texture":"#0","tintindex":0},"west":{"uv":[0.375,4.75,0.5,5.1875],"rotation":0,"texture":"#0","tintindex":0},"up":{"uv":[0.375,4.75,0.125,4.625],"rotation":0,"texture":"#0","tintindex":0},"down":{"uv":[0.625,4.625,0.375,4.75],"rotation":0,"texture":"#0","tintindex":0}}},{"from":[8.323232,13.102992,4.282016],"to":[27.878767,16.335312,7.837568],"rotation":{"angle":22.5,"axis":"z","origin":[8.0,12.941376,7.514336]},"faces":{"east":{"uv":[3.09375,2.90625,3.34375,3.15625],"rotation":0,"texture":"#0","tintindex":0},"south":{"uv":[5.09375,2.90625,6.59375,3.15625],"rotation":0,"texture":"#0","tintindex":0},"north":{"uv":[3.34375,2.90625,4.84375,3.15625],"rotation":0,"texture":"#0","tintindex":0},"west":{"uv":[4.84375,2.90625,5.09375,3.15625],"rotation":0,"texture":"#0","tintindex":0},"up":{"uv":[4.84375,2.90625,3.34375,2.65625],"rotation":0,"texture":"#0","tintindex":0},"down":{"uv":[6.34375,2.65625,4.84375,2.90625],"rotation":0,"texture":"#0","tintindex":0}}},{"from":[6.707072,4.6989603,4.4929276],"to":[9.454544,14.39592,6.917168],"rotation":{"angle":0.0,"axis":"y","origin":[8.0,4.8605757,5.4626236]},"faces":{"east":{"uv":[0.0,2.84375,0.1875,3.59375],"rotation":0,"texture":"#0","tintindex":0},"south":{"uv":[0.5625,2.84375,0.75,3.59375],"rotation":0,"texture":"#0","tintindex":0},"north":{"uv":[0.1875,2.84375,0.375,3.59375],"rotation":0,"texture":"#0","tintindex":0},"west":{"uv":[0.375,2.84375,0.5625,3.59375],"rotation":0,"texture":"#0","tintindex":0},"up":{"uv":[0.375,2.84375,0.1875,2.65625],"rotation":0,"texture":"#0","tintindex":0},"down":{"uv":[0.5625,2.65625,0.375,2.84375],"rotation":0,"texture":"#0","tintindex":0}}}],"display":{"head":{"translation":[0.0,-6.4,0.0],"scale":[4.0,4.0,4.0]}}}