{"textures":{"0":"modelengine:entity/void_caller"},"elements":[{"from":[6.38384,-0.9197197,-16.0],"to":[9.61616,3.0052404,-0.99280167],"rotation":{"angle":45.0,"axis":"x","origin":[8.0,-2.0086632,0.14962196]},"faces":{"east":{"uv":[1.9375,5.5625,2.75,5.75],"rotation":0,"texture":"#0","tintindex":0},"south":{"uv":[3.71875,5.5625,3.875,5.75],"rotation":0,"texture":"#0","tintindex":0},"north":{"uv":[2.75,5.5625,2.90625,5.75],"rotation":0,"texture":"#0","tintindex":0},"west":{"uv":[2.90625,5.5625,3.71875,5.75],"rotation":0,"texture":"#0","tintindex":0},"up":{"uv":[2.90625,5.5625,2.75,4.75],"rotation":0,"texture":"#0","tintindex":0},"down":{"uv":[3.0625,4.75,2.90625,5.5625],"rotation":0,"texture":"#0","tintindex":0}}},{"from":[6.38384,-6.8571434,11.296044],"to":[9.61616,6.303017,14.528364],"rotation":{"angle":22.5,"axis":"x","origin":[8.0,-6.8571434,14.695062]},"faces":{"east":{"uv":[5.0,8.75,5.15625,9.46875],"rotation":0,"texture":"#0","tintindex":0},"south":{"uv":[5.46875,8.75,5.625,9.46875],"rotation":0,"texture":"#0","tintindex":0},"north":{"uv":[5.15625,8.75,5.3125,9.46875],"rotation":0,"texture":"#0","tintindex":0},"west":{"uv":[5.3125,8.75,5.46875,9.46875],"rotation":0,"texture":"#0","tintindex":0},"up":{"uv":[5.3125,8.75,5.15625,8.59375],"rotation":0,"texture":"#0","tintindex":0},"down":{"uv":[5.46875,8.59375,5.3125,8.75],"rotation":0,"texture":"#0","tintindex":0}}},{"from":[6.38384,-6.8571434,-0.54301834],"to":[9.61616,-2.9321842,14.464182],"rotation":{"angle":22.5,"axis":"x","origin":[8.0,-6.8571434,14.695062]},"faces":{"east":{"uv":[0.0,5.4375,0.8125,5.625],"rotation":0,"texture":"#0","tintindex":0},"south":{"uv":[1.78125,5.4375,1.9375,5.625],"rotation":0,"texture":"#0","tintindex":0},"north":{"uv":[0.8125,5.4375,0.96875,5.625],"rotation":0,"texture":"#0","tintindex":0},"west":{"uv":[0.96875,5.4375,1.78125,5.625],"rotation":0,"texture":"#0","tintindex":0},"up":{"uv":[0.96875,5.4375,0.8125,4.625],"rotation":0,"texture":"#0","tintindex":0},"down":{"uv":[1.125,4.625,0.96875,5.4375],"rotation":0,"texture":"#0","tintindex":0}}}],"display":{"head":{"translation":[0.0,-6.4,-33.63739],"scale":[4.0,4.0,4.0]}}}