{"textures":{"0":"modelengine:entity/void_caller"},"elements":[{"from":[-3.745144,9.050285,6.285714],"to":[20.826286,31.90743,32.0],"rotation":{"angle":0.0,"axis":"y","origin":[8.826285,14.193144,10.857143]},"faces":{"east":{"uv":[0.0,1.40625,1.40625,2.65625],"rotation":0,"texture":"#0","tintindex":0},"south":{"uv":[4.15625,1.40625,5.5,2.65625],"rotation":0,"texture":"#0","tintindex":0},"north":{"uv":[1.40625,1.40625,2.75,2.65625],"rotation":0,"texture":"#0","tintindex":0},"west":{"uv":[2.75,1.40625,4.15625,2.65625],"rotation":0,"texture":"#0","tintindex":0},"up":{"uv":[2.75,1.40625,1.40625,0.0],"rotation":0,"texture":"#0","tintindex":0},"down":{"uv":[4.09375,0.0,2.75,1.40625],"rotation":0,"texture":"#0","tintindex":0}}}],"display":{"head":{"translation":[0.0,-6.4,12.512001],"scale":[4.0,4.0,4.0]}}}