{"textures":{"0":"modelengine:entity/void_caller"},"elements":[{"from":[-4.1570587,7.627152,6.360352],"to":[9.25707,10.859472,8.46136],"rotation":{"angle":22.5,"axis":"y","origin":[-2.5408983,8.596848,4.097728]},"faces":{"east":{"uv":[3.875,5.71875,4.03125,5.96875],"rotation":0,"texture":"#0","tintindex":0},"south":{"uv":[5.21875,5.71875,6.25,5.96875],"rotation":0,"texture":"#0","tintindex":0},"north":{"uv":[4.03125,5.71875,5.0625,5.96875],"rotation":0,"texture":"#0","tintindex":0},"west":{"uv":[5.0625,5.71875,5.21875,5.96875],"rotation":0,"texture":"#0","tintindex":0},"up":{"uv":[5.0625,5.71875,4.03125,5.5625],"rotation":0,"texture":"#0","tintindex":0},"down":{"uv":[6.09375,5.5625,5.0625,5.71875],"rotation":0,"texture":"#0","tintindex":0}}},{"from":[11.959613,7.476768,2.2974877],"to":[32.0,10.385857,4.2368803],"rotation":{"angle":-45.0,"axis":"y","origin":[11.519693,8.112,-2.0436802]},"faces":{"east":{"uv":[4.09375,0.625,4.21875,0.84375],"rotation":0,"texture":"#0","tintindex":0},"south":{"uv":[5.90625,0.625,7.46875,0.84375],"rotation":0,"texture":"#0","tintindex":0},"north":{"uv":[4.21875,0.625,5.78125,0.84375],"rotation":0,"texture":"#0","tintindex":0},"west":{"uv":[5.78125,0.625,5.90625,0.84375],"rotation":0,"texture":"#0","tintindex":0},"up":{"uv":[5.78125,0.625,4.21875,0.5],"rotation":0,"texture":"#0","tintindex":0},"down":{"uv":[7.34375,0.5,5.78125,0.625],"rotation":0,"texture":"#0","tintindex":0}}},{"from":[20.713709,7.341984,14.982161],"to":[22.653101,9.766224,24.679121],"rotation":{"angle":0.0,"axis":"y","origin":[17.822718,4.2332163,15.572464]},"faces":{"east":{"uv":[5.875,7.3125,6.625,7.5],"rotation":0,"texture":"#0","tintindex":0},"south":{"uv":[7.5,7.3125,7.625,7.5],"rotation":0,"texture":"#0","tintindex":0},"north":{"uv":[6.625,7.3125,6.75,7.5],"rotation":0,"texture":"#0","tintindex":0},"west":{"uv":[6.75,7.3125,7.5,7.5],"rotation":0,"texture":"#0","tintindex":0},"up":{"uv":[6.75,7.3125,6.625,6.5625],"rotation":0,"texture":"#0","tintindex":0},"down":{"uv":[6.875,6.5625,6.75,7.3125],"rotation":0,"texture":"#0","tintindex":0}}}],"display":{"head":{"translation":[41.9003,-6.4,0.0],"scale":[4.0,4.0,4.0]}}}