{"textures":{"0":"modelengine:entity/void_caller"},"elements":[{"from":[-2.8220367,8.949691,5.95763],"to":[10.592092,12.182011,8.058639],"rotation":{"angle":22.5,"axis":"y","origin":[1.6282582,14.996849,7.033728]},"faces":{"east":{"uv":[0.0,5.90625,0.15625,6.15625],"rotation":0,"texture":"#0","tintindex":0},"south":{"uv":[1.34375,5.90625,2.375,6.15625],"rotation":0,"texture":"#0","tintindex":0},"north":{"uv":[0.15625,5.90625,1.1875,6.15625],"rotation":0,"texture":"#0","tintindex":0},"west":{"uv":[1.1875,5.90625,1.34375,6.15625],"rotation":0,"texture":"#0","tintindex":0},"up":{"uv":[1.1875,5.90625,0.15625,5.75],"rotation":0,"texture":"#0","tintindex":0},"down":{"uv":[2.21875,5.75,1.1875,5.90625],"rotation":0,"texture":"#0","tintindex":0}}},{"from":[11.959618,8.799307,5.9502144],"to":[32.0,11.708395,7.889606],"rotation":{"angle":-45.0,"axis":"y","origin":[15.68885,14.512001,0.89232016]},"faces":{"east":{"uv":[4.09375,0.96875,4.21875,1.1875],"rotation":0,"texture":"#0","tintindex":0},"south":{"uv":[5.90625,0.96875,7.46875,1.1875],"rotation":0,"texture":"#0","tintindex":0},"north":{"uv":[4.21875,0.96875,5.78125,1.1875],"rotation":0,"texture":"#0","tintindex":0},"west":{"uv":[5.78125,0.96875,5.90625,1.1875],"rotation":0,"texture":"#0","tintindex":0},"up":{"uv":[5.78125,0.96875,4.21875,0.84375],"rotation":0,"texture":"#0","tintindex":0},"down":{"uv":[7.34375,0.84375,5.78125,0.96875],"rotation":0,"texture":"#0","tintindex":0}}},{"from":[21.610794,9.288523,15.91816],"to":[23.550186,11.712763,25.61512],"rotation":{"angle":0.0,"axis":"y","origin":[21.991875,10.633216,18.508465]},"faces":{"east":{"uv":[1.5,7.625,2.25,7.8125],"rotation":0,"texture":"#0","tintindex":0},"south":{"uv":[3.125,7.625,3.25,7.8125],"rotation":0,"texture":"#0","tintindex":0},"north":{"uv":[2.25,7.625,2.375,7.8125],"rotation":0,"texture":"#0","tintindex":0},"west":{"uv":[2.375,7.625,3.125,7.8125],"rotation":0,"texture":"#0","tintindex":0},"up":{"uv":[2.375,7.625,2.25,6.875],"rotation":0,"texture":"#0","tintindex":0},"down":{"uv":[2.5,6.875,2.375,7.625],"rotation":0,"texture":"#0","tintindex":0}}}],"display":{"head":{"translation":[25.223671,-6.4,0.0],"scale":[4.0,4.0,4.0]}}}