{"textures":{"0":"modelengine:entity/void_caller"},"elements":[{"from":[-0.7554283,2.517714,7.814857],"to":[18.101715,19.660572,26.672],"rotation":{"angle":0.0,"axis":"y","origin":[8.958858,4.8034286,8.957714]},"faces":{"east":{"uv":[3.09375,4.625,4.125,5.5625],"rotation":0,"texture":"#0","tintindex":0},"south":{"uv":[6.1875,4.625,7.21875,5.5625],"rotation":0,"texture":"#0","tintindex":0},"north":{"uv":[4.125,4.625,5.15625,5.5625],"rotation":0,"texture":"#0","tintindex":0},"west":{"uv":[5.15625,4.625,6.1875,5.5625],"rotation":0,"texture":"#0","tintindex":0},"up":{"uv":[5.15625,4.625,4.125,3.59375],"rotation":0,"texture":"#0","tintindex":0},"down":{"uv":[6.1875,3.59375,5.15625,4.625],"rotation":0,"texture":"#0","tintindex":0}}}],"display":{"head":{"translation":[0.0,-6.4,0.0],"scale":[4.0,4.0,4.0]}}}