{"textures":{"0":"modelengine:entity/void_caller"},"elements":[{"from":[6.15296,-16.0,9.84704],"to":[9.84704,16.323202,13.07936],"rotation":{"angle":0.0,"axis":"y","origin":[8.0,5.240071,8.0]},"faces":{"east":{"uv":[0.0,7.28125,0.15625,9.03125],"rotation":0,"texture":"#0","tintindex":0},"south":{"uv":[0.5,7.28125,0.6875,9.03125],"rotation":0,"texture":"#0","tintindex":0},"north":{"uv":[0.15625,7.28125,0.34375,9.03125],"rotation":0,"texture":"#0","tintindex":0},"west":{"uv":[0.34375,7.28125,0.5,9.03125],"rotation":0,"texture":"#0","tintindex":0},"up":{"uv":[0.34375,7.28125,0.15625,7.125],"rotation":0,"texture":"#0","tintindex":0},"down":{"uv":[0.53125,7.125,0.34375,7.28125],"rotation":0,"texture":"#0","tintindex":0}}},{"from":[4.647622,8.597958,7.732179],"to":[11.352378,16.687992,13.762766],"rotation":{"angle":0.0,"axis":"y","origin":[8.0,3.9029274,8.0]},"faces":{"east":{"uv":[2.5,7.1875,2.8125,7.625],"rotation":0,"texture":"#0","tintindex":0},"south":{"uv":[3.46875,7.1875,3.8125,7.625],"rotation":0,"texture":"#0","tintindex":0},"north":{"uv":[2.8125,7.1875,3.15625,7.625],"rotation":0,"texture":"#0","tintindex":0},"west":{"uv":[3.15625,7.1875,3.46875,7.625],"rotation":0,"texture":"#0","tintindex":0},"up":{"uv":[3.15625,7.1875,2.8125,6.875],"rotation":0,"texture":"#0","tintindex":0},"down":{"uv":[3.5,6.875,3.15625,7.1875],"rotation":0,"texture":"#0","tintindex":0}}},{"from":[4.647622,-0.6372423,7.732179],"to":[11.352378,7.4527926,13.762766],"rotation":{"angle":0.0,"axis":"y","origin":[8.0,7.776185,8.0]},"faces":{"east":{"uv":[1.125,4.9375,1.4375,5.375],"rotation":0,"texture":"#0","tintindex":0},"south":{"uv":[2.09375,4.9375,2.4375,5.375],"rotation":0,"texture":"#0","tintindex":0},"north":{"uv":[1.4375,4.9375,1.78125,5.375],"rotation":0,"texture":"#0","tintindex":0},"west":{"uv":[1.78125,4.9375,2.09375,5.375],"rotation":0,"texture":"#0","tintindex":0},"up":{"uv":[1.78125,4.9375,1.4375,4.625],"rotation":0,"texture":"#0","tintindex":0},"down":{"uv":[2.125,4.625,1.78125,4.9375],"rotation":0,"texture":"#0","tintindex":0}}},{"from":[4.647622,-9.641563,7.732179],"to":[11.352378,-1.551527,13.762766],"rotation":{"angle":0.0,"axis":"y","origin":[8.0,3.0783558,8.0]},"faces":{"east":{"uv":[0.0,0.3125,0.3125,0.75],"rotation":0,"texture":"#0","tintindex":0},"south":{"uv":[0.96875,0.3125,1.3125,0.75],"rotation":0,"texture":"#0","tintindex":0},"north":{"uv":[0.3125,0.3125,0.65625,0.75],"rotation":0,"texture":"#0","tintindex":0},"west":{"uv":[0.65625,0.3125,0.96875,0.75],"rotation":0,"texture":"#0","tintindex":0},"up":{"uv":[0.65625,0.3125,0.3125,0.0],"rotation":0,"texture":"#0","tintindex":0},"down":{"uv":[1.0,0.0,0.65625,0.3125],"rotation":0,"texture":"#0","tintindex":0}}}],"display":{"head":{"translation":[0.0,-20.137426,0.0],"scale":[4.0,4.0,4.0]}}}