{"textures":{"0":"modelengine:entity/void_caller"},"elements":[{"from":[-2.6731434,4.8034286,7.814857],"to":[16.184,21.946285,26.672],"rotation":{"angle":0.0,"axis":"y","origin":[7.041143,7.089143,8.957714]},"faces":{"east":{"uv":[0.0,3.6875,1.03125,4.625],"rotation":0,"texture":"#0","tintindex":0},"south":{"uv":[3.09375,3.6875,4.125,4.625],"rotation":0,"texture":"#0","tintindex":0},"north":{"uv":[1.03125,3.6875,2.0625,4.625],"rotation":0,"texture":"#0","tintindex":0},"west":{"uv":[2.0625,3.6875,3.09375,4.625],"rotation":0,"texture":"#0","tintindex":0},"up":{"uv":[2.0625,3.6875,1.03125,2.65625],"rotation":0,"texture":"#0","tintindex":0},"down":{"uv":[3.09375,2.65625,2.0625,3.6875],"rotation":0,"texture":"#0","tintindex":0}}}],"display":{"head":{"translation":[0.0,-6.4,0.0],"scale":[4.0,4.0,4.0]}}}