{"textures":{"0":"modelengine:entity/void_caller"},"elements":[{"from":[-0.8563204,6.2240915,-15.897488],"to":[14.381761,11.534331,-11.510765],"rotation":{"angle":0.0,"axis":"y","origin":[13.92,8.532891,-9.663727]},"faces":{"east":{"uv":[7.65625,2.625,7.875,2.90625],"rotation":0,"texture":"#0","tintindex":0},"south":{"uv":[8.90625,2.625,9.71875,2.90625],"rotation":0,"texture":"#0","tintindex":0},"north":{"uv":[7.875,2.625,8.6875,2.90625],"rotation":0,"texture":"#0","tintindex":0},"west":{"uv":[8.6875,2.625,8.90625,2.90625],"rotation":0,"texture":"#0","tintindex":0},"up":{"uv":[8.6875,2.625,7.875,2.40625],"rotation":0,"texture":"#0","tintindex":0},"down":{"uv":[9.5,2.40625,8.6875,2.625],"rotation":0,"texture":"#0","tintindex":0}}},{"from":[-9.006567,6.9167314,1.0961533],"to":[1.6139135,11.072572,5.0211134],"rotation":{"angle":-45.0,"axis":"y","origin":[-4.7812815,6.4549713,-0.19764519]},"faces":{"east":{"uv":[5.1875,8.375,5.375,8.59375],"rotation":0,"texture":"#0","tintindex":0},"south":{"uv":[6.125,8.375,6.6875,8.59375],"rotation":0,"texture":"#0","tintindex":0},"north":{"uv":[5.375,8.375,5.9375,8.59375],"rotation":0,"texture":"#0","tintindex":0},"west":{"uv":[5.9375,8.375,6.125,8.59375],"rotation":0,"texture":"#0","tintindex":0},"up":{"uv":[5.9375,8.375,5.375,8.1875],"rotation":0,"texture":"#0","tintindex":0},"down":{"uv":[6.5,8.1875,5.9375,8.375],"rotation":0,"texture":"#0","tintindex":0}}},{"from":[-15.863522,6.4549713,-16.0],"to":[0.52895975,11.072572,-11.3824005],"rotation":{"angle":45.0,"axis":"y","origin":[0.2980795,6.4549713,-12.434288]},"faces":{"east":{"uv":[6.46875,3.15625,6.71875,3.40625],"rotation":0,"texture":"#0","tintindex":0},"south":{"uv":[7.84375,3.15625,8.71875,3.40625],"rotation":0,"texture":"#0","tintindex":0},"north":{"uv":[6.71875,3.15625,7.59375,3.40625],"rotation":0,"texture":"#0","tintindex":0},"west":{"uv":[7.59375,3.15625,7.84375,3.40625],"rotation":0,"texture":"#0","tintindex":0},"up":{"uv":[7.59375,3.15625,6.71875,2.90625],"rotation":0,"texture":"#0","tintindex":0},"down":{"uv":[8.46875,2.90625,7.59375,3.15625],"rotation":0,"texture":"#0","tintindex":0}}},{"from":[-3.6151867,6.9167314,4.230481],"to":[6.7744136,11.072572,8.155442],"rotation":{"angle":0.0,"axis":"y","origin":[0.06719971,6.4549713,10.884596]},"faces":{"east":{"uv":[8.125,6.1875,8.3125,6.40625],"rotation":0,"texture":"#0","tintindex":0},"south":{"uv":[9.0625,6.1875,9.625,6.40625],"rotation":0,"texture":"#0","tintindex":0},"north":{"uv":[8.3125,6.1875,8.875,6.40625],"rotation":0,"texture":"#0","tintindex":0},"west":{"uv":[8.875,6.1875,9.0625,6.40625],"rotation":0,"texture":"#0","tintindex":0},"up":{"uv":[8.875,6.1875,8.3125,6.0],"rotation":0,"texture":"#0","tintindex":0},"down":{"uv":[9.4375,6.0,8.875,6.1875],"rotation":0,"texture":"#0","tintindex":0}}},{"from":[7.961595,6.9167314,3.2667122],"to":[16.965916,11.072572,7.1916723],"rotation":{"angle":22.5,"axis":"y","origin":[9.302401,6.4549713,12.2698765]},"faces":{"east":{"uv":[3.6875,8.59375,3.875,8.8125],"rotation":0,"texture":"#0","tintindex":0},"south":{"uv":[4.53125,8.59375,5.0,8.8125],"rotation":0,"texture":"#0","tintindex":0},"north":{"uv":[3.875,8.59375,4.34375,8.8125],"rotation":0,"texture":"#0","tintindex":0},"west":{"uv":[4.34375,8.59375,4.53125,8.8125],"rotation":0,"texture":"#0","tintindex":0},"up":{"uv":[4.34375,8.59375,3.875,8.40625],"rotation":0,"texture":"#0","tintindex":0},"down":{"uv":[4.8125,8.40625,4.34375,8.59375],"rotation":0,"texture":"#0","tintindex":0}}}],"display":{"head":{"translation":[0.0,-6.4,-47.555664],"scale":[4.0,4.0,4.0]}}}