{"textures":{"0":"modelengine:entity/void_caller"},"elements":[{"from":[1.7547197,16.317692,-15.897488],"to":[16.9928,21.627934,-11.510767],"rotation":{"angle":0.0,"axis":"y","origin":[2.2164793,18.626492,-9.663727]},"faces":{"east":{"uv":[7.21875,5.21875,7.4375,5.5],"rotation":0,"texture":"#0","tintindex":0},"south":{"uv":[8.46875,5.21875,9.28125,5.5],"rotation":0,"texture":"#0","tintindex":0},"north":{"uv":[7.4375,5.21875,8.25,5.5],"rotation":0,"texture":"#0","tintindex":0},"west":{"uv":[8.25,5.21875,8.46875,5.5],"rotation":0,"texture":"#0","tintindex":0},"up":{"uv":[8.25,5.21875,7.4375,5.0],"rotation":0,"texture":"#0","tintindex":0},"down":{"uv":[9.0625,5.0,8.25,5.21875],"rotation":0,"texture":"#0","tintindex":0}}},{"from":[14.522566,17.010332,1.0961514],"to":[25.143047,21.166172,5.021112],"rotation":{"angle":45.0,"axis":"y","origin":[20.91776,16.548573,-0.19764519]},"faces":{"east":{"uv":[2.1875,8.0,2.375,8.21875],"rotation":0,"texture":"#0","tintindex":0},"south":{"uv":[3.125,8.0,3.6875,8.21875],"rotation":0,"texture":"#0","tintindex":0},"north":{"uv":[2.375,8.0,2.9375,8.21875],"rotation":0,"texture":"#0","tintindex":0},"west":{"uv":[2.9375,8.0,3.125,8.21875],"rotation":0,"texture":"#0","tintindex":0},"up":{"uv":[2.9375,8.0,2.375,7.8125],"rotation":0,"texture":"#0","tintindex":0},"down":{"uv":[3.5,7.8125,2.9375,8.0],"rotation":0,"texture":"#0","tintindex":0}}},{"from":[15.60752,16.548573,-16.0],"to":[32.0,21.166172,-11.3824005],"rotation":{"angle":-45.0,"axis":"y","origin":[15.8384,16.548573,-12.434286]},"faces":{"east":{"uv":[6.1875,4.25,6.4375,4.5],"rotation":0,"texture":"#0","tintindex":0},"south":{"uv":[7.5625,4.25,8.4375,4.5],"rotation":0,"texture":"#0","tintindex":0},"north":{"uv":[6.4375,4.25,7.3125,4.5],"rotation":0,"texture":"#0","tintindex":0},"west":{"uv":[7.3125,4.25,7.5625,4.5],"rotation":0,"texture":"#0","tintindex":0},"up":{"uv":[7.3125,4.25,6.4375,4.0],"rotation":0,"texture":"#0","tintindex":0},"down":{"uv":[8.1875,4.0,7.3125,4.25],"rotation":0,"texture":"#0","tintindex":0}}},{"from":[9.362066,17.010332,4.23048],"to":[19.751667,21.166172,8.15544],"rotation":{"angle":0.0,"axis":"y","origin":[16.06928,16.548573,10.884594]},"faces":{"east":{"uv":[0.6875,8.0,0.875,8.21875],"rotation":0,"texture":"#0","tintindex":0},"south":{"uv":[1.625,8.0,2.1875,8.21875],"rotation":0,"texture":"#0","tintindex":0},"north":{"uv":[0.875,8.0,1.4375,8.21875],"rotation":0,"texture":"#0","tintindex":0},"west":{"uv":[1.4375,8.0,1.625,8.21875],"rotation":0,"texture":"#0","tintindex":0},"up":{"uv":[1.4375,8.0,0.875,7.8125],"rotation":0,"texture":"#0","tintindex":0},"down":{"uv":[2.0,7.8125,1.4375,8.0],"rotation":0,"texture":"#0","tintindex":0}}},{"from":[-0.82943535,17.010332,3.2667122],"to":[8.174885,21.166172,7.191672],"rotation":{"angle":-22.5,"axis":"y","origin":[6.8340797,16.548573,12.269875]},"faces":{"east":{"uv":[5.25,7.0625,5.4375,7.28125],"rotation":0,"texture":"#0","tintindex":0},"south":{"uv":[6.09375,7.0625,6.5625,7.28125],"rotation":0,"texture":"#0","tintindex":0},"north":{"uv":[5.4375,7.0625,5.90625,7.28125],"rotation":0,"texture":"#0","tintindex":0},"west":{"uv":[5.90625,7.0625,6.09375,7.28125],"rotation":0,"texture":"#0","tintindex":0},"up":{"uv":[5.90625,7.0625,5.4375,6.875],"rotation":0,"texture":"#0","tintindex":0},"down":{"uv":[6.375,6.875,5.90625,7.0625],"rotation":0,"texture":"#0","tintindex":0}}}],"display":{"head":{"translation":[4.663681,-6.4,-17.079498],"scale":[4.0,4.0,4.0]}}}