{"textures":{"0":"modelengine:entity/void_caller"},"elements":[{"from":[-0.8563204,11.252663,-15.897488],"to":[14.381761,16.562904,-11.510765],"rotation":{"angle":0.0,"axis":"y","origin":[13.92,13.561463,-9.663727]},"faces":{"east":{"uv":[7.46875,0.5,7.6875,0.78125],"rotation":0,"texture":"#0","tintindex":0},"south":{"uv":[8.71875,0.5,9.53125,0.78125],"rotation":0,"texture":"#0","tintindex":0},"north":{"uv":[7.6875,0.5,8.5,0.78125],"rotation":0,"texture":"#0","tintindex":0},"west":{"uv":[8.5,0.5,8.71875,0.78125],"rotation":0,"texture":"#0","tintindex":0},"up":{"uv":[8.5,0.5,7.6875,0.28125],"rotation":0,"texture":"#0","tintindex":0},"down":{"uv":[9.3125,0.28125,8.5,0.5],"rotation":0,"texture":"#0","tintindex":0}}},{"from":[-9.006567,11.945303,1.0961533],"to":[1.6139135,16.101143,5.0211134],"rotation":{"angle":-45.0,"axis":"y","origin":[-4.7812815,11.483543,-0.19764519]},"faces":{"east":{"uv":[7.875,8.1875,8.0625,8.40625],"rotation":0,"texture":"#0","tintindex":0},"south":{"uv":[8.8125,8.1875,9.375,8.40625],"rotation":0,"texture":"#0","tintindex":0},"north":{"uv":[8.0625,8.1875,8.625,8.40625],"rotation":0,"texture":"#0","tintindex":0},"west":{"uv":[8.625,8.1875,8.8125,8.40625],"rotation":0,"texture":"#0","tintindex":0},"up":{"uv":[8.625,8.1875,8.0625,8.0],"rotation":0,"texture":"#0","tintindex":0},"down":{"uv":[9.1875,8.0,8.625,8.1875],"rotation":0,"texture":"#0","tintindex":0}}},{"from":[-15.863522,11.483543,-16.0],"to":[0.52895975,16.101143,-11.3824005],"rotation":{"angle":45.0,"axis":"y","origin":[0.2980795,11.483543,-12.434288]},"faces":{"east":{"uv":[4.375,6.625,4.625,6.875],"rotation":0,"texture":"#0","tintindex":0},"south":{"uv":[5.75,6.625,6.625,6.875],"rotation":0,"texture":"#0","tintindex":0},"north":{"uv":[4.625,6.625,5.5,6.875],"rotation":0,"texture":"#0","tintindex":0},"west":{"uv":[5.5,6.625,5.75,6.875],"rotation":0,"texture":"#0","tintindex":0},"up":{"uv":[5.5,6.625,4.625,6.375],"rotation":0,"texture":"#0","tintindex":0},"down":{"uv":[6.375,6.375,5.5,6.625],"rotation":0,"texture":"#0","tintindex":0}}},{"from":[-3.6151867,11.945303,4.230481],"to":[6.7744136,16.101143,8.155442],"rotation":{"angle":0.0,"axis":"y","origin":[0.06719971,11.483543,10.884596]},"faces":{"east":{"uv":[3.6875,8.1875,3.875,8.40625],"rotation":0,"texture":"#0","tintindex":0},"south":{"uv":[4.625,8.1875,5.1875,8.40625],"rotation":0,"texture":"#0","tintindex":0},"north":{"uv":[3.875,8.1875,4.4375,8.40625],"rotation":0,"texture":"#0","tintindex":0},"west":{"uv":[4.4375,8.1875,4.625,8.40625],"rotation":0,"texture":"#0","tintindex":0},"up":{"uv":[4.4375,8.1875,3.875,8.0],"rotation":0,"texture":"#0","tintindex":0},"down":{"uv":[5.0,8.0,4.4375,8.1875],"rotation":0,"texture":"#0","tintindex":0}}},{"from":[7.961595,11.945303,3.2667122],"to":[16.965916,16.101143,7.1916723],"rotation":{"angle":22.5,"axis":"y","origin":[9.302401,11.483543,12.2698765]},"faces":{"east":{"uv":[8.25,4.0,8.4375,4.21875],"rotation":0,"texture":"#0","tintindex":0},"south":{"uv":[9.09375,4.0,9.5625,4.21875],"rotation":0,"texture":"#0","tintindex":0},"north":{"uv":[8.4375,4.0,8.90625,4.21875],"rotation":0,"texture":"#0","tintindex":0},"west":{"uv":[8.90625,4.0,9.09375,4.21875],"rotation":0,"texture":"#0","tintindex":0},"up":{"uv":[8.90625,4.0,8.4375,3.8125],"rotation":0,"texture":"#0","tintindex":0},"down":{"uv":[9.375,3.8125,8.90625,4.0],"rotation":0,"texture":"#0","tintindex":0}}}],"display":{"head":{"translation":[0.0,-6.4,-47.555664],"scale":[4.0,4.0,4.0]}}}