{"textures":{"0":"modelengine:entity/void_caller"},"elements":[{"from":[12.6177635,6.731803,6.584782],"to":[31.780804,11.349403,9.586222],"rotation":{"angle":-22.5,"axis":"y","origin":[33.797874,16.563982,4.6531773]},"faces":{"east":{"uv":[2.375,6.125,2.53125,6.375],"rotation":0,"texture":"#0","tintindex":0},"south":{"uv":[3.71875,6.125,4.75,6.375],"rotation":0,"texture":"#0","tintindex":0},"north":{"uv":[2.53125,6.125,3.5625,6.375],"rotation":0,"texture":"#0","tintindex":0},"west":{"uv":[3.5625,6.125,3.71875,6.375],"rotation":0,"texture":"#0","tintindex":0},"up":{"uv":[3.5625,6.125,2.53125,5.96875],"rotation":0,"texture":"#0","tintindex":0},"down":{"uv":[4.59375,5.96875,3.5625,6.125],"rotation":0,"texture":"#0","tintindex":0}}},{"from":[-16.0,6.5169687,-1.9672241],"to":[12.629122,10.672809,0.80333567],"rotation":{"angle":45.0,"axis":"y","origin":[13.711313,15.871342,-4.120263]},"faces":{"east":{"uv":[5.5,1.3125,5.625,1.53125],"rotation":0,"texture":"#0","tintindex":0},"south":{"uv":[7.3125,1.3125,8.875,1.53125],"rotation":0,"texture":"#0","tintindex":0},"north":{"uv":[5.625,1.3125,7.1875,1.53125],"rotation":0,"texture":"#0","tintindex":0},"west":{"uv":[7.1875,1.3125,7.3125,1.53125],"rotation":0,"texture":"#0","tintindex":0},"up":{"uv":[7.1875,1.3125,5.625,1.1875],"rotation":0,"texture":"#0","tintindex":0},"down":{"uv":[8.75,1.1875,7.1875,1.3125],"rotation":0,"texture":"#0","tintindex":0}}},{"from":[-5.24666,7.2158484,17.345224],"to":[-2.476101,10.679049,31.198025],"rotation":{"angle":0.0,"axis":"y","origin":[4.706993,10.330221,21.045658]},"faces":{"east":{"uv":[3.25,7.625,4.0,7.8125],"rotation":0,"texture":"#0","tintindex":0},"south":{"uv":[4.875,7.625,5.0,7.8125],"rotation":0,"texture":"#0","tintindex":0},"north":{"uv":[4.0,7.625,4.125,7.8125],"rotation":0,"texture":"#0","tintindex":0},"west":{"uv":[4.125,7.625,4.875,7.8125],"rotation":0,"texture":"#0","tintindex":0},"up":{"uv":[4.125,7.625,4.0,6.875],"rotation":0,"texture":"#0","tintindex":0},"down":{"uv":[4.25,6.875,4.125,7.625],"rotation":0,"texture":"#0","tintindex":0}}}],"display":{"head":{"translation":[-46.371506,-6.4,0.0],"scale":[4.0,4.0,4.0]}}}