{"textures":{"0":"modelengine:entity/fosil_1_t"},"elements":[{"from":[2.3570085,-1.1999998,-9.438545],"to":[6.3570085,2.4,13.761456],"rotation":{"angle":22.5,"axis":"y","origin":[4.357008,-1.1999998,2.1614547]},"faces":{"east":{"uv":[1.25,0.0,4.875,0.5625],"rotation":0,"texture":"#0","tintindex":0},"south":{"uv":[1.0,12.9375,1.625,13.5],"rotation":0,"texture":"#0","tintindex":0},"north":{"uv":[1.0,12.375,1.625,12.9375],"rotation":0,"texture":"#0","tintindex":0},"west":{"uv":[1.25,0.5625,4.875,1.125],"rotation":0,"texture":"#0","tintindex":0},"up":{"uv":[0.625,3.625,0.0,0.0],"rotation":0,"texture":"#0","tintindex":0},"down":{"uv":[1.25,0.0,0.625,3.625],"rotation":0,"texture":"#0","tintindex":0}}},{"from":[7.157008,-1.1999998,12.161455],"to":[10.757009,2.4,31.761456],"rotation":{"angle":0.0,"axis":"y","origin":[4.357008,-1.1999998,2.1614547]},"faces":{"east":{"uv":[1.25,1.125,4.3125,1.6875],"rotation":0,"texture":"#0","tintindex":0},"south":{"uv":[8.4375,12.875,9.0,13.4375],"rotation":0,"texture":"#0","tintindex":0},"north":{"uv":[8.4375,12.3125,9.0,12.875],"rotation":0,"texture":"#0","tintindex":0},"west":{"uv":[1.25,1.6875,4.3125,2.25],"rotation":0,"texture":"#0","tintindex":0},"up":{"uv":[1.8125,5.3125,1.25,2.25],"rotation":0,"texture":"#0","tintindex":0},"down":{"uv":[2.375,2.25,1.8125,5.3125],"rotation":0,"texture":"#0","tintindex":0}}}],"display":{"head":{"translation":[0.0,-6.4,0.0],"scale":[4.0,4.0,4.0]}}}