{"textures":{"0":"modelengine:entity/fosil_1_t"},"elements":[{"from":[0.7999997,0.7999997,6.4],"to":[15.200001,4.3999996,10.0],"rotation":{"angle":0.0,"axis":"y","origin":[8.0,0.7999997,27.6]},"faces":{"east":{"uv":[13.9375,11.25,14.5,11.8125],"rotation":0,"texture":"#0","tintindex":0},"south":{"uv":[4.625,3.375,6.875,3.9375],"rotation":0,"texture":"#0","tintindex":0},"north":{"uv":[4.625,2.8125,6.875,3.375],"rotation":0,"texture":"#0","tintindex":0},"west":{"uv":[13.9375,11.8125,14.5,12.375],"rotation":0,"texture":"#0","tintindex":0},"up":{"uv":[6.875,4.5,4.625,3.9375],"rotation":0,"texture":"#0","tintindex":0},"down":{"uv":[6.875,4.5,4.625,5.0625],"rotation":0,"texture":"#0","tintindex":0}}},{"from":[9.6,5.6,6.4],"to":[13.200001,19.2,10.0],"rotation":{"angle":-45.0,"axis":"z","origin":[8.0,0.7999997,27.6]},"faces":{"east":{"uv":[7.4375,2.125,8.0,4.25],"rotation":0,"texture":"#0","tintindex":0},"south":{"uv":[7.3125,7.5,7.875,9.625],"rotation":0,"texture":"#0","tintindex":0},"north":{"uv":[7.4375,0.0,8.0,2.125],"rotation":0,"texture":"#0","tintindex":0},"west":{"uv":[6.75,7.75,7.3125,9.875],"rotation":0,"texture":"#0","tintindex":0},"up":{"uv":[14.5,12.9375,13.9375,12.375],"rotation":0,"texture":"#0","tintindex":0},"down":{"uv":[14.5,12.9375,13.9375,13.5],"rotation":0,"texture":"#0","tintindex":0}}},{"from":[21.2,10.0,6.4],"to":[24.800001,20.8,10.0],"rotation":{"angle":0.0,"axis":"y","origin":[8.0,0.7999997,27.6]},"faces":{"east":{"uv":[5.625,10.4375,6.1875,12.125],"rotation":0,"texture":"#0","tintindex":0},"south":{"uv":[6.1875,10.4375,6.75,12.125],"rotation":0,"texture":"#0","tintindex":0},"north":{"uv":[5.0625,10.4375,5.625,12.125],"rotation":0,"texture":"#0","tintindex":0},"west":{"uv":[9.0,10.5625,9.5625,12.25],"rotation":0,"texture":"#0","tintindex":0},"up":{"uv":[8.4375,14.5625,7.875,14.0],"rotation":0,"texture":"#0","tintindex":0},"down":{"uv":[9.0,14.0,8.4375,14.5625],"rotation":0,"texture":"#0","tintindex":0}}},{"from":[18.491344,18.45922,6.4],"to":[22.091347,29.25922,10.0],"rotation":{"angle":45.0,"axis":"z","origin":[20.400002,22.8,8.4]},"faces":{"east":{"uv":[8.4375,10.625,9.0,12.3125],"rotation":0,"texture":"#0","tintindex":0},"south":{"uv":[0.0,10.6875,0.5625,12.375],"rotation":0,"texture":"#0","tintindex":0},"north":{"uv":[7.875,10.625,8.4375,12.3125],"rotation":0,"texture":"#0","tintindex":0},"west":{"uv":[0.5625,10.6875,1.125,12.375],"rotation":0,"texture":"#0","tintindex":0},"up":{"uv":[0.5625,14.625,0.0,14.0625],"rotation":0,"texture":"#0","tintindex":0},"down":{"uv":[14.625,0.0,14.0625,0.5625],"rotation":0,"texture":"#0","tintindex":0}}},{"from":[20.400002,19.6,6.4],"to":[26.800001,23.2,10.0],"rotation":{"angle":22.5,"axis":"z","origin":[8.0,0.7999997,27.6]},"faces":{"east":{"uv":[0.5625,14.0625,1.125,14.625],"rotation":0,"texture":"#0","tintindex":0},"south":{"uv":[12.375,12.375,13.375,12.9375],"rotation":0,"texture":"#0","tintindex":0},"north":{"uv":[12.375,11.8125,13.375,12.375],"rotation":0,"texture":"#0","tintindex":0},"west":{"uv":[14.0625,0.5625,14.625,1.125],"rotation":0,"texture":"#0","tintindex":0},"up":{"uv":[13.5,0.5625,12.5,0.0],"rotation":0,"texture":"#0","tintindex":0},"down":{"uv":[13.5,0.5625,12.5,1.125],"rotation":0,"texture":"#0","tintindex":0}}},{"from":[2.7999997,5.6,6.4],"to":[6.4,19.2,10.0],"rotation":{"angle":45.0,"axis":"z","origin":[8.0,0.7999997,27.6]},"faces":{"east":{"uv":[7.875,6.375,8.4375,8.5],"rotation":0,"texture":"#0","tintindex":0},"south":{"uv":[8.0,0.0,8.5625,2.125],"rotation":0,"texture":"#0","tintindex":0},"north":{"uv":[7.875,4.25,8.4375,6.375],"rotation":0,"texture":"#0","tintindex":0},"west":{"uv":[8.0,2.125,8.5625,4.25],"rotation":0,"texture":"#0","tintindex":0},"up":{"uv":[1.6875,14.625,1.125,14.0625],"rotation":0,"texture":"#0","tintindex":0},"down":{"uv":[14.625,1.125,14.0625,1.6875],"rotation":0,"texture":"#0","tintindex":0}}},{"from":[-8.800001,10.0,6.4],"to":[-5.2,20.8,10.0],"rotation":{"angle":0.0,"axis":"y","origin":[8.0,0.7999997,27.6]},"faces":{"east":{"uv":[10.6875,3.375,11.25,5.0625],"rotation":0,"texture":"#0","tintindex":0},"south":{"uv":[10.6875,5.0625,11.25,6.75],"rotation":0,"texture":"#0","tintindex":0},"north":{"uv":[1.125,10.6875,1.6875,12.375],"rotation":0,"texture":"#0","tintindex":0},"west":{"uv":[10.6875,6.75,11.25,8.4375],"rotation":0,"texture":"#0","tintindex":0},"up":{"uv":[14.625,2.25,14.0625,1.6875],"rotation":0,"texture":"#0","tintindex":0},"down":{"uv":[14.625,2.25,14.0625,2.8125],"rotation":0,"texture":"#0","tintindex":0}}},{"from":[-6.091346,18.45922,6.4],"to":[-2.4913445,29.25922,10.0],"rotation":{"angle":-45.0,"axis":"z","origin":[-4.4000006,22.8,8.4]},"faces":{"east":{"uv":[10.6875,10.125,11.25,11.8125],"rotation":0,"texture":"#0","tintindex":0},"south":{"uv":[10.8125,0.0,11.375,1.6875],"rotation":0,"texture":"#0","tintindex":0},"north":{"uv":[10.6875,8.4375,11.25,10.125],"rotation":0,"texture":"#0","tintindex":0},"west":{"uv":[10.8125,1.6875,11.375,3.375],"rotation":0,"texture":"#0","tintindex":0},"up":{"uv":[14.625,3.375,14.0625,2.8125],"rotation":0,"texture":"#0","tintindex":0},"down":{"uv":[10.125,14.0625,9.5625,14.625],"rotation":0,"texture":"#0","tintindex":0}}},{"from":[-10.800001,19.6,6.4],"to":[-4.4000006,23.2,10.0],"rotation":{"angle":-22.5,"axis":"z","origin":[8.0,0.7999997,27.6]},"faces":{"east":{"uv":[10.125,14.0625,10.6875,14.625],"rotation":0,"texture":"#0","tintindex":0},"south":{"uv":[12.5,1.6875,13.5,2.25],"rotation":0,"texture":"#0","tintindex":0},"north":{"uv":[12.5,1.125,13.5,1.6875],"rotation":0,"texture":"#0","tintindex":0},"west":{"uv":[10.6875,14.0625,11.25,14.625],"rotation":0,"texture":"#0","tintindex":0},"up":{"uv":[13.5,2.8125,12.5,2.25],"rotation":0,"texture":"#0","tintindex":0},"down":{"uv":[13.5,2.8125,12.5,3.375],"rotation":0,"texture":"#0","tintindex":0}}}],"display":{"head":{"translation":[0.0,-6.4,0.0],"scale":[4.0,4.0,4.0]}}}