{"textures":{"0":"modelengine:entity/fosil_1_t"},"elements":[{"from":[0.7999997,0.7999997,6.4],"to":[15.200001,4.3999996,10.0],"rotation":{"angle":0.0,"axis":"y","origin":[8.0,0.7999997,27.6]},"faces":{"east":{"uv":[11.25,13.5,11.8125,14.0625],"rotation":0,"texture":"#0","tintindex":0},"south":{"uv":[4.3125,1.6875,6.5625,2.25],"rotation":0,"texture":"#0","tintindex":0},"north":{"uv":[4.3125,1.125,6.5625,1.6875],"rotation":0,"texture":"#0","tintindex":0},"west":{"uv":[11.8125,13.5,12.375,14.0625],"rotation":0,"texture":"#0","tintindex":0},"up":{"uv":[4.625,5.0625,2.375,4.5],"rotation":0,"texture":"#0","tintindex":0},"down":{"uv":[6.875,2.25,4.625,2.8125],"rotation":0,"texture":"#0","tintindex":0}}},{"from":[9.6,5.6,6.4],"to":[13.200001,19.2,10.0],"rotation":{"angle":-45.0,"axis":"z","origin":[8.0,0.7999997,27.6]},"faces":{"east":{"uv":[0.5625,6.4375,1.125,8.5625],"rotation":0,"texture":"#0","tintindex":0},"south":{"uv":[1.125,6.4375,1.6875,8.5625],"rotation":0,"texture":"#0","tintindex":0},"north":{"uv":[0.0,6.4375,0.5625,8.5625],"rotation":0,"texture":"#0","tintindex":0},"west":{"uv":[1.6875,6.4375,2.25,8.5625],"rotation":0,"texture":"#0","tintindex":0},"up":{"uv":[12.9375,14.0625,12.375,13.5],"rotation":0,"texture":"#0","tintindex":0},"down":{"uv":[13.5,13.5,12.9375,14.0625],"rotation":0,"texture":"#0","tintindex":0}}},{"from":[21.2,10.0,6.4],"to":[24.800001,20.8,10.0],"rotation":{"angle":0.0,"axis":"y","origin":[8.0,0.7999997,27.6]},"faces":{"east":{"uv":[6.75,9.875,7.3125,11.5625],"rotation":0,"texture":"#0","tintindex":0},"south":{"uv":[10.125,3.375,10.6875,5.0625],"rotation":0,"texture":"#0","tintindex":0},"north":{"uv":[9.6875,1.6875,10.25,3.375],"rotation":0,"texture":"#0","tintindex":0},"west":{"uv":[10.125,5.0625,10.6875,6.75],"rotation":0,"texture":"#0","tintindex":0},"up":{"uv":[14.0625,14.0625,13.5,13.5],"rotation":0,"texture":"#0","tintindex":0},"down":{"uv":[2.25,13.625,1.6875,14.1875],"rotation":0,"texture":"#0","tintindex":0}}},{"from":[18.491344,18.45922,6.4],"to":[22.091347,29.25922,10.0],"rotation":{"angle":45.0,"axis":"z","origin":[20.400002,22.8,8.4]},"faces":{"east":{"uv":[10.125,8.4375,10.6875,10.125],"rotation":0,"texture":"#0","tintindex":0},"south":{"uv":[9.5625,10.125,10.125,11.8125],"rotation":0,"texture":"#0","tintindex":0},"north":{"uv":[10.125,6.75,10.6875,8.4375],"rotation":0,"texture":"#0","tintindex":0},"west":{"uv":[10.125,10.125,10.6875,11.8125],"rotation":0,"texture":"#0","tintindex":0},"up":{"uv":[2.8125,14.375,2.25,13.8125],"rotation":0,"texture":"#0","tintindex":0},"down":{"uv":[3.375,13.8125,2.8125,14.375],"rotation":0,"texture":"#0","tintindex":0}}},{"from":[20.400002,19.6,6.4],"to":[26.800001,23.2,10.0],"rotation":{"angle":22.5,"axis":"z","origin":[8.0,0.7999997,27.6]},"faces":{"east":{"uv":[3.375,13.8125,3.9375,14.375],"rotation":0,"texture":"#0","tintindex":0},"south":{"uv":[12.375,7.875,13.375,8.4375],"rotation":0,"texture":"#0","tintindex":0},"north":{"uv":[12.375,7.3125,13.375,7.875],"rotation":0,"texture":"#0","tintindex":0},"west":{"uv":[3.9375,13.8125,4.5,14.375],"rotation":0,"texture":"#0","tintindex":0},"up":{"uv":[13.375,9.0,12.375,8.4375],"rotation":0,"texture":"#0","tintindex":0},"down":{"uv":[13.375,9.0,12.375,9.5625],"rotation":0,"texture":"#0","tintindex":0}}},{"from":[2.7999997,5.6,6.4],"to":[6.4,19.2,10.0],"rotation":{"angle":45.0,"axis":"z","origin":[8.0,0.7999997,27.6]},"faces":{"east":{"uv":[6.875,1.125,7.4375,3.25],"rotation":0,"texture":"#0","tintindex":0},"south":{"uv":[6.875,3.25,7.4375,5.375],"rotation":0,"texture":"#0","tintindex":0},"north":{"uv":[6.75,5.625,7.3125,7.75],"rotation":0,"texture":"#0","tintindex":0},"west":{"uv":[7.3125,5.375,7.875,7.5],"rotation":0,"texture":"#0","tintindex":0},"up":{"uv":[5.0625,14.375,4.5,13.8125],"rotation":0,"texture":"#0","tintindex":0},"down":{"uv":[5.625,13.8125,5.0625,14.375],"rotation":0,"texture":"#0","tintindex":0}}},{"from":[-8.800001,10.0,6.4],"to":[-5.2,20.8,10.0],"rotation":{"angle":0.0,"axis":"y","origin":[8.0,0.7999997,27.6]},"faces":{"east":{"uv":[1.6875,10.25,2.25,11.9375],"rotation":0,"texture":"#0","tintindex":0},"south":{"uv":[10.25,1.6875,10.8125,3.375],"rotation":0,"texture":"#0","tintindex":0},"north":{"uv":[10.25,0.0,10.8125,1.6875],"rotation":0,"texture":"#0","tintindex":0},"west":{"uv":[2.25,10.4375,2.8125,12.125],"rotation":0,"texture":"#0","tintindex":0},"up":{"uv":[6.1875,14.375,5.625,13.8125],"rotation":0,"texture":"#0","tintindex":0},"down":{"uv":[6.75,13.8125,6.1875,14.375],"rotation":0,"texture":"#0","tintindex":0}}},{"from":[-6.091346,18.45922,6.4],"to":[-2.4913445,29.25922,10.0],"rotation":{"angle":-45.0,"axis":"z","origin":[-4.4000006,22.8,8.4]},"faces":{"east":{"uv":[3.375,10.4375,3.9375,12.125],"rotation":0,"texture":"#0","tintindex":0},"south":{"uv":[3.9375,10.4375,4.5,12.125],"rotation":0,"texture":"#0","tintindex":0},"north":{"uv":[2.8125,10.4375,3.375,12.125],"rotation":0,"texture":"#0","tintindex":0},"west":{"uv":[4.5,10.4375,5.0625,12.125],"rotation":0,"texture":"#0","tintindex":0},"up":{"uv":[7.3125,14.375,6.75,13.8125],"rotation":0,"texture":"#0","tintindex":0},"down":{"uv":[7.875,13.8125,7.3125,14.375],"rotation":0,"texture":"#0","tintindex":0}}},{"from":[-10.800001,19.6,6.4],"to":[-4.4000006,23.2,10.0],"rotation":{"angle":-22.5,"axis":"z","origin":[8.0,0.7999997,27.6]},"faces":{"east":{"uv":[9.0,13.9375,9.5625,14.5],"rotation":0,"texture":"#0","tintindex":0},"south":{"uv":[12.375,10.125,13.375,10.6875],"rotation":0,"texture":"#0","tintindex":0},"north":{"uv":[12.375,9.5625,13.375,10.125],"rotation":0,"texture":"#0","tintindex":0},"west":{"uv":[13.9375,10.6875,14.5,11.25],"rotation":0,"texture":"#0","tintindex":0},"up":{"uv":[13.375,11.25,12.375,10.6875],"rotation":0,"texture":"#0","tintindex":0},"down":{"uv":[13.375,11.25,12.375,11.8125],"rotation":0,"texture":"#0","tintindex":0}}}],"display":{"head":{"translation":[0.0,-6.4,0.0],"scale":[4.0,4.0,4.0]}}}