{"textures":{"0":"modelengine:entity/fosil_1_t"},"elements":[{"from":[0.7999997,0.7999997,-2.4000006],"to":[15.200001,4.3999996,1.1999998],"rotation":{"angle":0.0,"axis":"y","origin":[8.0,0.7999997,18.8]},"faces":{"east":{"uv":[11.25,14.0625,11.8125,14.625],"rotation":0,"texture":"#0","tintindex":0},"south":{"uv":[4.875,0.5625,7.125,1.125],"rotation":0,"texture":"#0","tintindex":0},"north":{"uv":[4.875,0.0,7.125,0.5625],"rotation":0,"texture":"#0","tintindex":0},"west":{"uv":[11.8125,14.0625,12.375,14.625],"rotation":0,"texture":"#0","tintindex":0},"up":{"uv":[4.625,5.625,2.375,5.0625],"rotation":0,"texture":"#0","tintindex":0},"down":{"uv":[6.875,5.0625,4.625,5.625],"rotation":0,"texture":"#0","tintindex":0}}},{"from":[9.6,5.6,-2.4000006],"to":[13.200001,19.2,1.1999998],"rotation":{"angle":-45.0,"axis":"z","origin":[8.0,0.7999997,18.8]},"faces":{"east":{"uv":[2.8125,8.3125,3.375,10.4375],"rotation":0,"texture":"#0","tintindex":0},"south":{"uv":[3.375,8.3125,3.9375,10.4375],"rotation":0,"texture":"#0","tintindex":0},"north":{"uv":[2.25,8.3125,2.8125,10.4375],"rotation":0,"texture":"#0","tintindex":0},"west":{"uv":[3.9375,8.3125,4.5,10.4375],"rotation":0,"texture":"#0","tintindex":0},"up":{"uv":[12.9375,14.625,12.375,14.0625],"rotation":0,"texture":"#0","tintindex":0},"down":{"uv":[13.5,14.0625,12.9375,14.625],"rotation":0,"texture":"#0","tintindex":0}}},{"from":[21.2,10.0,-2.4000006],"to":[24.800001,20.8,1.1999998],"rotation":{"angle":0.0,"axis":"y","origin":[8.0,0.7999997,18.8]},"faces":{"east":{"uv":[11.25,5.0625,11.8125,6.75],"rotation":0,"texture":"#0","tintindex":0},"south":{"uv":[11.25,6.75,11.8125,8.4375],"rotation":0,"texture":"#0","tintindex":0},"north":{"uv":[11.25,3.375,11.8125,5.0625],"rotation":0,"texture":"#0","tintindex":0},"west":{"uv":[11.25,8.4375,11.8125,10.125],"rotation":0,"texture":"#0","tintindex":0},"up":{"uv":[14.0625,14.625,13.5,14.0625],"rotation":0,"texture":"#0","tintindex":0},"down":{"uv":[14.625,13.5,14.0625,14.0625],"rotation":0,"texture":"#0","tintindex":0}}},{"from":[18.491344,18.45922,-2.4000006],"to":[22.091347,29.25922,1.1999998],"rotation":{"angle":45.0,"axis":"z","origin":[20.400002,22.8,-0.40000057]},"faces":{"east":{"uv":[7.3125,11.3125,7.875,13.0],"rotation":0,"texture":"#0","tintindex":0},"south":{"uv":[11.375,0.0,11.9375,1.6875],"rotation":0,"texture":"#0","tintindex":0},"north":{"uv":[11.25,10.125,11.8125,11.8125],"rotation":0,"texture":"#0","tintindex":0},"west":{"uv":[11.375,1.6875,11.9375,3.375],"rotation":0,"texture":"#0","tintindex":0},"up":{"uv":[14.625,14.625,14.0625,14.0625],"rotation":0,"texture":"#0","tintindex":0},"down":{"uv":[2.25,14.1875,1.6875,14.75],"rotation":0,"texture":"#0","tintindex":0}}},{"from":[20.400002,19.6,-2.4000006],"to":[26.800001,23.2,1.1999998],"rotation":{"angle":22.5,"axis":"z","origin":[8.0,0.7999997,18.8]},"faces":{"east":{"uv":[2.25,14.375,2.8125,14.9375],"rotation":0,"texture":"#0","tintindex":0},"south":{"uv":[12.375,12.9375,13.375,13.5],"rotation":0,"texture":"#0","tintindex":0},"north":{"uv":[0.0,12.9375,1.0,13.5],"rotation":0,"texture":"#0","tintindex":0},"west":{"uv":[2.8125,14.375,3.375,14.9375],"rotation":0,"texture":"#0","tintindex":0},"up":{"uv":[7.75,13.8125,6.75,13.25],"rotation":0,"texture":"#0","tintindex":0},"down":{"uv":[14.375,3.375,13.375,3.9375],"rotation":0,"texture":"#0","tintindex":0}}},{"from":[2.7999997,5.6,-2.4000006],"to":[6.4,19.2,1.1999998],"rotation":{"angle":45.0,"axis":"z","origin":[8.0,0.7999997,18.8]},"faces":{"east":{"uv":[5.0625,8.3125,5.625,10.4375],"rotation":0,"texture":"#0","tintindex":0},"south":{"uv":[5.625,8.3125,6.1875,10.4375],"rotation":0,"texture":"#0","tintindex":0},"north":{"uv":[4.5,8.3125,5.0625,10.4375],"rotation":0,"texture":"#0","tintindex":0},"west":{"uv":[6.1875,8.3125,6.75,10.4375],"rotation":0,"texture":"#0","tintindex":0},"up":{"uv":[3.9375,14.9375,3.375,14.375],"rotation":0,"texture":"#0","tintindex":0},"down":{"uv":[14.9375,3.375,14.375,3.9375],"rotation":0,"texture":"#0","tintindex":0}}},{"from":[-8.800001,10.0,-2.4000006],"to":[-5.2,20.8,1.1999998],"rotation":{"angle":0.0,"axis":"y","origin":[8.0,0.7999997,18.8]},"faces":{"east":{"uv":[11.8125,3.375,12.375,5.0625],"rotation":0,"texture":"#0","tintindex":0},"south":{"uv":[11.8125,5.0625,12.375,6.75],"rotation":0,"texture":"#0","tintindex":0},"north":{"uv":[6.75,11.5625,7.3125,13.25],"rotation":0,"texture":"#0","tintindex":0},"west":{"uv":[11.8125,6.75,12.375,8.4375],"rotation":0,"texture":"#0","tintindex":0},"up":{"uv":[4.5,14.9375,3.9375,14.375],"rotation":0,"texture":"#0","tintindex":0},"down":{"uv":[14.9375,3.9375,14.375,4.5],"rotation":0,"texture":"#0","tintindex":0}}},{"from":[-6.091346,18.45922,-2.4000006],"to":[-2.4913445,29.25922,1.1999998],"rotation":{"angle":-45.0,"axis":"z","origin":[-4.4000006,22.8,-0.40000057]},"faces":{"east":{"uv":[9.5625,11.8125,10.125,13.5],"rotation":0,"texture":"#0","tintindex":0},"south":{"uv":[10.125,11.8125,10.6875,13.5],"rotation":0,"texture":"#0","tintindex":0},"north":{"uv":[11.8125,8.4375,12.375,10.125],"rotation":0,"texture":"#0","tintindex":0},"west":{"uv":[11.8125,10.125,12.375,11.8125],"rotation":0,"texture":"#0","tintindex":0},"up":{"uv":[5.0625,14.9375,4.5,14.375],"rotation":0,"texture":"#0","tintindex":0},"down":{"uv":[14.9375,4.5,14.375,5.0625],"rotation":0,"texture":"#0","tintindex":0}}},{"from":[-10.800001,19.6,-2.4000006],"to":[-4.4000006,23.2,1.1999998],"rotation":{"angle":-22.5,"axis":"z","origin":[8.0,0.7999997,18.8]},"faces":{"east":{"uv":[5.0625,14.375,5.625,14.9375],"rotation":0,"texture":"#0","tintindex":0},"south":{"uv":[13.375,4.5,14.375,5.0625],"rotation":0,"texture":"#0","tintindex":0},"north":{"uv":[13.375,3.9375,14.375,4.5],"rotation":0,"texture":"#0","tintindex":0},"west":{"uv":[14.375,5.0625,14.9375,5.625],"rotation":0,"texture":"#0","tintindex":0},"up":{"uv":[14.375,5.625,13.375,5.0625],"rotation":0,"texture":"#0","tintindex":0},"down":{"uv":[14.375,5.625,13.375,6.1875],"rotation":0,"texture":"#0","tintindex":0}}}],"display":{"head":{"translation":[0.0,-6.4,0.0],"scale":[4.0,4.0,4.0]}}}