{"textures":{"0":"modelengine:entity/fosil_1_t"},"elements":[{"from":[1.5999999,0.7999997,-9.6],"to":[16.0,4.3999996,-6.0],"rotation":{"angle":0.0,"axis":"y","origin":[8.8,0.7999997,11.6]},"faces":{"east":{"uv":[5.625,14.375,6.1875,14.9375],"rotation":0,"texture":"#0","tintindex":0},"south":{"uv":[2.25,5.625,4.5,6.1875],"rotation":0,"texture":"#0","tintindex":0},"north":{"uv":[0.0,5.3125,2.25,5.875],"rotation":0,"texture":"#0","tintindex":0},"west":{"uv":[14.375,5.625,14.9375,6.1875],"rotation":0,"texture":"#0","tintindex":0},"up":{"uv":[6.75,6.1875,4.5,5.625],"rotation":0,"texture":"#0","tintindex":0},"down":{"uv":[2.25,5.875,0.0,6.4375],"rotation":0,"texture":"#0","tintindex":0}}},{"from":[10.4,5.6,-9.6],"to":[14.0,19.2,-6.0],"rotation":{"angle":-45.0,"axis":"z","origin":[8.8,0.7999997,11.6]},"faces":{"east":{"uv":[8.4375,6.375,9.0,8.5],"rotation":0,"texture":"#0","tintindex":0},"south":{"uv":[7.875,8.5,8.4375,10.625],"rotation":0,"texture":"#0","tintindex":0},"north":{"uv":[8.4375,4.25,9.0,6.375],"rotation":0,"texture":"#0","tintindex":0},"west":{"uv":[8.4375,8.5,9.0,10.625],"rotation":0,"texture":"#0","tintindex":0},"up":{"uv":[6.75,14.9375,6.1875,14.375],"rotation":0,"texture":"#0","tintindex":0},"down":{"uv":[14.9375,6.1875,14.375,6.75],"rotation":0,"texture":"#0","tintindex":0}}},{"from":[22.0,10.0,-9.6],"to":[25.6,20.8,-6.0],"rotation":{"angle":0.0,"axis":"y","origin":[8.8,0.7999997,11.6]},"faces":{"east":{"uv":[11.25,11.8125,11.8125,13.5],"rotation":0,"texture":"#0","tintindex":0},"south":{"uv":[11.8125,11.8125,12.375,13.5],"rotation":0,"texture":"#0","tintindex":0},"north":{"uv":[10.6875,11.8125,11.25,13.5],"rotation":0,"texture":"#0","tintindex":0},"west":{"uv":[11.9375,0.0,12.5,1.6875],"rotation":0,"texture":"#0","tintindex":0},"up":{"uv":[7.3125,14.9375,6.75,14.375],"rotation":0,"texture":"#0","tintindex":0},"down":{"uv":[14.9375,6.75,14.375,7.3125],"rotation":0,"texture":"#0","tintindex":0}}},{"from":[19.291344,18.45922,-9.6],"to":[22.891346,29.25922,-6.0],"rotation":{"angle":45.0,"axis":"z","origin":[21.2,22.8,-7.6000004]},"faces":{"east":{"uv":[11.9375,1.6875,12.5,3.375],"rotation":0,"texture":"#0","tintindex":0},"south":{"uv":[2.25,12.125,2.8125,13.8125],"rotation":0,"texture":"#0","tintindex":0},"north":{"uv":[1.6875,11.9375,2.25,13.625],"rotation":0,"texture":"#0","tintindex":0},"west":{"uv":[2.8125,12.125,3.375,13.8125],"rotation":0,"texture":"#0","tintindex":0},"up":{"uv":[7.875,14.9375,7.3125,14.375],"rotation":0,"texture":"#0","tintindex":0},"down":{"uv":[14.9375,7.3125,14.375,7.875],"rotation":0,"texture":"#0","tintindex":0}}},{"from":[21.2,19.6,-9.6],"to":[27.6,23.2,-6.0],"rotation":{"angle":22.5,"axis":"z","origin":[8.8,0.7999997,11.6]},"faces":{"east":{"uv":[14.375,7.875,14.9375,8.4375],"rotation":0,"texture":"#0","tintindex":0},"south":{"uv":[13.375,6.75,14.375,7.3125],"rotation":0,"texture":"#0","tintindex":0},"north":{"uv":[13.375,6.1875,14.375,6.75],"rotation":0,"texture":"#0","tintindex":0},"west":{"uv":[14.375,8.4375,14.9375,9.0],"rotation":0,"texture":"#0","tintindex":0},"up":{"uv":[14.375,7.875,13.375,7.3125],"rotation":0,"texture":"#0","tintindex":0},"down":{"uv":[14.375,7.875,13.375,8.4375],"rotation":0,"texture":"#0","tintindex":0}}},{"from":[3.6,5.6,-9.6],"to":[7.2,19.2,-6.0],"rotation":{"angle":45.0,"axis":"z","origin":[8.8,0.7999997,11.6]},"faces":{"east":{"uv":[8.5625,0.0,9.125,2.125],"rotation":0,"texture":"#0","tintindex":0},"south":{"uv":[0.5625,8.5625,1.125,10.6875],"rotation":0,"texture":"#0","tintindex":0},"north":{"uv":[0.0,8.5625,0.5625,10.6875],"rotation":0,"texture":"#0","tintindex":0},"west":{"uv":[1.125,8.5625,1.6875,10.6875],"rotation":0,"texture":"#0","tintindex":0},"up":{"uv":[14.9375,9.5625,14.375,9.0],"rotation":0,"texture":"#0","tintindex":0},"down":{"uv":[14.9375,9.5625,14.375,10.125],"rotation":0,"texture":"#0","tintindex":0}}},{"from":[-8.0,10.0,-9.6],"to":[-4.4000006,20.8,-6.0],"rotation":{"angle":0.0,"axis":"y","origin":[8.8,0.7999997,11.6]},"faces":{"east":{"uv":[3.9375,12.125,4.5,13.8125],"rotation":0,"texture":"#0","tintindex":0},"south":{"uv":[4.5,12.125,5.0625,13.8125],"rotation":0,"texture":"#0","tintindex":0},"north":{"uv":[3.375,12.125,3.9375,13.8125],"rotation":0,"texture":"#0","tintindex":0},"west":{"uv":[5.0625,12.125,5.625,13.8125],"rotation":0,"texture":"#0","tintindex":0},"up":{"uv":[14.9375,10.6875,14.375,10.125],"rotation":0,"texture":"#0","tintindex":0},"down":{"uv":[9.5625,14.5,9.0,15.0625],"rotation":0,"texture":"#0","tintindex":0}}},{"from":[-5.2913456,18.45922,-9.6],"to":[-1.6913443,29.25922,-6.0],"rotation":{"angle":-45.0,"axis":"z","origin":[-3.6000004,22.8,-7.6000004]},"faces":{"east":{"uv":[6.1875,12.125,6.75,13.8125],"rotation":0,"texture":"#0","tintindex":0},"south":{"uv":[9.0,12.25,9.5625,13.9375],"rotation":0,"texture":"#0","tintindex":0},"north":{"uv":[5.625,12.125,6.1875,13.8125],"rotation":0,"texture":"#0","tintindex":0},"west":{"uv":[7.875,12.3125,8.4375,14.0],"rotation":0,"texture":"#0","tintindex":0},"up":{"uv":[15.0625,11.25,14.5,10.6875],"rotation":0,"texture":"#0","tintindex":0},"down":{"uv":[15.0625,11.25,14.5,11.8125],"rotation":0,"texture":"#0","tintindex":0}}},{"from":[-10.0,19.6,-9.6],"to":[-3.6000004,23.2,-6.0],"rotation":{"angle":-22.5,"axis":"z","origin":[8.8,0.7999997,11.6]},"faces":{"east":{"uv":[14.5,11.8125,15.0625,12.375],"rotation":0,"texture":"#0","tintindex":0},"south":{"uv":[13.375,9.0,14.375,9.5625],"rotation":0,"texture":"#0","tintindex":0},"north":{"uv":[13.375,8.4375,14.375,9.0],"rotation":0,"texture":"#0","tintindex":0},"west":{"uv":[14.5,12.375,15.0625,12.9375],"rotation":0,"texture":"#0","tintindex":0},"up":{"uv":[14.375,10.125,13.375,9.5625],"rotation":0,"texture":"#0","tintindex":0},"down":{"uv":[14.375,10.125,13.375,10.6875],"rotation":0,"texture":"#0","tintindex":0}}}],"display":{"head":{"translation":[0.0,-6.4,0.0],"scale":[4.0,4.0,4.0]}}}