{"textures":{"0":"modelengine:entity/fosil_1_t"},"elements":[{"from":[2.7999997,0.7999997,28.400002],"to":[17.2,4.3999996,32.0],"rotation":{"angle":0.0,"axis":"y","origin":[10.0,0.7999997,49.600002]},"faces":{"east":{"uv":[13.375,10.6875,13.9375,11.25],"rotation":0,"texture":"#0","tintindex":0},"south":{"uv":[2.375,2.8125,4.625,3.375],"rotation":0,"texture":"#0","tintindex":0},"north":{"uv":[2.375,2.25,4.625,2.8125],"rotation":0,"texture":"#0","tintindex":0},"west":{"uv":[13.375,11.25,13.9375,11.8125],"rotation":0,"texture":"#0","tintindex":0},"up":{"uv":[4.625,3.9375,2.375,3.375],"rotation":0,"texture":"#0","tintindex":0},"down":{"uv":[4.625,3.9375,2.375,4.5],"rotation":0,"texture":"#0","tintindex":0}}},{"from":[11.6,5.6,28.400002],"to":[15.200001,19.2,32.0],"rotation":{"angle":-45.0,"axis":"z","origin":[10.0,0.7999997,49.600002]},"faces":{"east":{"uv":[2.8125,6.1875,3.375,8.3125],"rotation":0,"texture":"#0","tintindex":0},"south":{"uv":[3.375,6.1875,3.9375,8.3125],"rotation":0,"texture":"#0","tintindex":0},"north":{"uv":[2.25,6.1875,2.8125,8.3125],"rotation":0,"texture":"#0","tintindex":0},"west":{"uv":[3.9375,6.1875,4.5,8.3125],"rotation":0,"texture":"#0","tintindex":0},"up":{"uv":[13.9375,12.375,13.375,11.8125],"rotation":0,"texture":"#0","tintindex":0},"down":{"uv":[13.9375,12.375,13.375,12.9375],"rotation":0,"texture":"#0","tintindex":0}}},{"from":[23.2,10.0,28.400002],"to":[26.800001,20.8,32.0],"rotation":{"angle":0.0,"axis":"y","origin":[10.0,0.7999997,49.600002]},"faces":{"east":{"uv":[0.5625,3.625,1.125,5.3125],"rotation":0,"texture":"#0","tintindex":0},"south":{"uv":[1.6875,8.5625,2.25,10.25],"rotation":0,"texture":"#0","tintindex":0},"north":{"uv":[0.0,3.625,0.5625,5.3125],"rotation":0,"texture":"#0","tintindex":0},"west":{"uv":[8.5625,2.125,9.125,3.8125],"rotation":0,"texture":"#0","tintindex":0},"up":{"uv":[13.9375,13.5,13.375,12.9375],"rotation":0,"texture":"#0","tintindex":0},"down":{"uv":[9.0,13.4375,8.4375,14.0],"rotation":0,"texture":"#0","tintindex":0}}},{"from":[20.491344,18.45922,28.400002],"to":[24.091345,29.25922,32.0],"rotation":{"angle":45.0,"axis":"z","origin":[22.400002,22.8,30.400002]},"faces":{"east":{"uv":[9.0,5.5,9.5625,7.1875],"rotation":0,"texture":"#0","tintindex":0},"south":{"uv":[9.0,7.1875,9.5625,8.875],"rotation":0,"texture":"#0","tintindex":0},"north":{"uv":[9.0,3.8125,9.5625,5.5],"rotation":0,"texture":"#0","tintindex":0},"west":{"uv":[9.0,8.875,9.5625,10.5625],"rotation":0,"texture":"#0","tintindex":0},"up":{"uv":[0.5625,14.0625,0.0,13.5],"rotation":0,"texture":"#0","tintindex":0},"down":{"uv":[14.0625,0.0,13.5,0.5625],"rotation":0,"texture":"#0","tintindex":0}}},{"from":[22.400002,19.6,28.400002],"to":[28.800001,23.2,32.0],"rotation":{"angle":22.5,"axis":"z","origin":[10.0,0.7999997,49.600002]},"faces":{"east":{"uv":[0.5625,13.5,1.125,14.0625],"rotation":0,"texture":"#0","tintindex":0},"south":{"uv":[12.375,3.375,13.375,3.9375],"rotation":0,"texture":"#0","tintindex":0},"north":{"uv":[0.0,12.375,1.0,12.9375],"rotation":0,"texture":"#0","tintindex":0},"west":{"uv":[13.5,0.5625,14.0625,1.125],"rotation":0,"texture":"#0","tintindex":0},"up":{"uv":[13.375,4.5,12.375,3.9375],"rotation":0,"texture":"#0","tintindex":0},"down":{"uv":[13.375,4.5,12.375,5.0625],"rotation":0,"texture":"#0","tintindex":0}}},{"from":[4.8,5.6,28.400002],"to":[8.4,19.2,32.0],"rotation":{"angle":45.0,"axis":"z","origin":[10.0,0.7999997,49.600002]},"faces":{"east":{"uv":[5.0625,6.1875,5.625,8.3125],"rotation":0,"texture":"#0","tintindex":0},"south":{"uv":[5.625,6.1875,6.1875,8.3125],"rotation":0,"texture":"#0","tintindex":0},"north":{"uv":[4.5,6.1875,5.0625,8.3125],"rotation":0,"texture":"#0","tintindex":0},"west":{"uv":[6.1875,6.1875,6.75,8.3125],"rotation":0,"texture":"#0","tintindex":0},"up":{"uv":[1.6875,14.0625,1.125,13.5],"rotation":0,"texture":"#0","tintindex":0},"down":{"uv":[14.0625,1.125,13.5,1.6875],"rotation":0,"texture":"#0","tintindex":0}}},{"from":[-6.8,10.0,28.400002],"to":[-3.1999998,20.8,32.0],"rotation":{"angle":0.0,"axis":"y","origin":[10.0,0.7999997,49.600002]},"faces":{"east":{"uv":[9.125,1.6875,9.6875,3.375],"rotation":0,"texture":"#0","tintindex":0},"south":{"uv":[9.5625,3.375,10.125,5.0625],"rotation":0,"texture":"#0","tintindex":0},"north":{"uv":[9.125,0.0,9.6875,1.6875],"rotation":0,"texture":"#0","tintindex":0},"west":{"uv":[9.5625,5.0625,10.125,6.75],"rotation":0,"texture":"#0","tintindex":0},"up":{"uv":[14.0625,2.25,13.5,1.6875],"rotation":0,"texture":"#0","tintindex":0},"down":{"uv":[14.0625,2.25,13.5,2.8125],"rotation":0,"texture":"#0","tintindex":0}}},{"from":[-4.091345,18.45922,28.400002],"to":[-0.49134445,29.25922,32.0],"rotation":{"angle":-45.0,"axis":"z","origin":[-2.4000006,22.8,30.400002]},"faces":{"east":{"uv":[9.5625,8.4375,10.125,10.125],"rotation":0,"texture":"#0","tintindex":0},"south":{"uv":[7.3125,9.625,7.875,11.3125],"rotation":0,"texture":"#0","tintindex":0},"north":{"uv":[9.5625,6.75,10.125,8.4375],"rotation":0,"texture":"#0","tintindex":0},"west":{"uv":[9.6875,0.0,10.25,1.6875],"rotation":0,"texture":"#0","tintindex":0},"up":{"uv":[14.0625,3.375,13.5,2.8125],"rotation":0,"texture":"#0","tintindex":0},"down":{"uv":[10.125,13.5,9.5625,14.0625],"rotation":0,"texture":"#0","tintindex":0}}},{"from":[-8.800001,19.6,28.400002],"to":[-2.4000006,23.2,32.0],"rotation":{"angle":-22.5,"axis":"z","origin":[10.0,0.7999997,49.600002]},"faces":{"east":{"uv":[10.125,13.5,10.6875,14.0625],"rotation":0,"texture":"#0","tintindex":0},"south":{"uv":[12.375,5.625,13.375,6.1875],"rotation":0,"texture":"#0","tintindex":0},"north":{"uv":[12.375,5.0625,13.375,5.625],"rotation":0,"texture":"#0","tintindex":0},"west":{"uv":[10.6875,13.5,11.25,14.0625],"rotation":0,"texture":"#0","tintindex":0},"up":{"uv":[13.375,6.75,12.375,6.1875],"rotation":0,"texture":"#0","tintindex":0},"down":{"uv":[13.375,6.75,12.375,7.3125],"rotation":0,"texture":"#0","tintindex":0}}}],"display":{"head":{"translation":[0.0,-6.4,59.199997],"scale":[4.0,4.0,4.0]}}}